Age_standardized,Salary_standardized,Department_Finance,Department_HR,Department_IT,Department_Marketing,Department_Operations,Department_Sales,ID
0.15731231608180873,-1.2878930658883223,0.0,0.0,1.0,0.0,0.0,0.0,497
0.4794535776827823,0.008794670961156983,1.0,0.0,0.0,0.0,0.0,0.0,395
-0.16482894551916483,0.14056204882884066,1.0,0.0,0.0,0.0,0.0,0.0,590
1.2042714162849728,-1.4008198151266125,0.0,1.0,0.0,0.0,0.0,0.0,918
-1.3728586765228157,1.1921655834454434,0.0,0.0,0.0,1.0,0.0,0.0,654
-1.0507174149218421,-0.4697104872102094,0.0,0.0,0.0,0.0,0.0,1.0,562
1.2042714162849728,0.5634034863912122,1.0,0.0,0.0,0.0,0.0,0.0,852
-1.6144646227235457,1.1988358681154772,0.0,0.0,0.0,0.0,0.0,1.0,1474
1.2042714162849728,-0.339815469951658,0.0,0.0,1.0,0.0,0.0,0.0,397
-0.406434891719895,0.15296643786434197,0.0,0.0,0.0,0.0,1.0,0.0,556
-1.211788045722329,1.4884276423279355,1.0,0.0,0.0,0.0,0.0,0.0,35
1.284806731685216,-0.6265987032504178,0.0,0.0,0.0,1.0,0.0,0.0,965
-1.3728586765228157,-1.4855831402025381,0.0,0.0,0.0,0.0,1.0,0.0,438
0.3183829468822955,1.2549286713640648,0.0,0.0,0.0,1.0,0.0,0.0,706
0.9626654700842426,-0.5298210642658935,0.0,0.0,0.0,1.0,0.0,0.0,440
0.6405242084832691,-1.2531763795939947,0.0,0.0,1.0,0.0,0.0,0.0,238
-0.4869702071201384,-1.0133191840616125,0.0,0.0,1.0,0.0,0.0,0.0,540
0.6405242084832691,0.8937191038522974,0.0,0.0,0.0,0.0,0.0,1.0,927
1.043200785484486,1.0603982055777599,0.0,1.0,0.0,0.0,0.0,0.0,498
0.23784763148205212,-0.9960778634525196,0.0,0.0,0.0,1.0,0.0,0.0,351
0.5599888930830257,1.358688655120145,0.0,0.0,0.0,1.0,0.0,0.0,80
-0.8896467841213553,0.4984559777619365,0.0,0.0,1.0,0.0,0.0,0.0,942
0.5599888930830257,1.7906968581647267,1.0,0.0,0.0,0.0,0.0,0.0,470
1.5264126778859464,0.2646059391838537,1.0,0.0,0.0,0.0,0.0,0.0,614
1.3653420470854596,0.6471916236498815,0.0,0.0,0.0,0.0,1.0,0.0,381
0.15731231608180873,-0.4669799613218915,0.0,1.0,0.0,0.0,0.0,0.0,456
0.3183829468822955,-1.1634200928937164,1.0,0.0,0.0,0.0,0.0,0.0,584
0.7210595238835125,-0.9429886386810816,1.0,0.0,0.0,0.0,0.0,0.0,862
-0.7285761533208686,-0.7458446695445293,0.0,0.0,0.0,0.0,1.0,0.0,647
-1.6144646227235457,-0.9654179584779786,0.0,0.0,0.0,0.0,1.0,0.0,873
1.043200785484486,-0.37067041248965027,0.0,0.0,1.0,0.0,0.0,0.0,936
-1.211788045722329,0.44353339989405655,0.0,0.0,1.0,0.0,0.0,0.0,225
-1.453393991923059,-0.09722774853095795,0.0,0.0,0.0,1.0,0.0,0.0,200
-0.08429363011892142,0.1635764813160915,1.0,0.0,0.0,0.0,0.0,0.0,430
-0.7285761533208686,0.23347794405702968,0.0,0.0,0.0,0.0,1.0,0.0,670
-1.5339293073233025,-0.5270515308648853,0.0,0.0,1.0,0.0,0.0,0.0,216
-0.0037583147186780403,-0.5411722504587578,0.0,0.0,1.0,0.0,0.0,0.0,998
0.3183829468822955,0.27864864375234577,0.0,0.0,1.0,0.0,0.0,0.0,788
0.4794535776827823,-1.1988389144164686,1.0,0.0,0.0,0.0,0.0,0.0,157
0.3989182622825389,0.8253389341062791,0.0,0.0,0.0,0.0,1.0,0.0,454
-0.6480408379206252,-1.2923399223350114,0.0,0.0,1.0,0.0,0.0,0.0,1963
0.23784763148205212,1.5878187846627068,1.0,0.0,0.0,0.0,0.0,0.0,491
1.1237361008847293,0.7067560955279019,0.0,0.0,0.0,0.0,1.0,0.0,902
-0.4869702071201384,0.6424717146143605,0.0,0.0,0.0,0.0,0.0,1.0,427
0.8821301546839992,0.1535515505546958,0.0,0.0,0.0,0.0,0.0,1.0,106
1.2042714162849728,-0.6523046541132963,0.0,0.0,0.0,0.0,1.0,0.0,190
1.284806731685216,-0.4759126817279601,1.0,0.0,0.0,0.0,0.0,0.0,293
1.6874833086864331,-0.5570483081236919,0.0,0.0,0.0,1.0,0.0,0.0,469
-0.24536426091940822,1.741469377149624,0.0,1.0,0.0,0.0,0.0,0.0,531
0.3183829468822955,0.9375635481161447,0.0,1.0,0.0,0.0,0.0,0.0,396
1.284806731685216,-1.4180221282230152,0.0,0.0,0.0,0.0,1.0,0.0,925
0.7210595238835125,0.7826257077104491,0.0,0.0,1.0,0.0,0.0,0.0,1617
0.4794535776827823,0.1879561767475013,0.0,0.0,0.0,0.0,0.0,1.0,1631
0.07677700068156534,-1.072103505685828,0.0,0.0,0.0,0.0,0.0,1.0,9
-0.6480408379206252,-1.2726021209137421,0.0,0.0,0.0,0.0,0.0,1.0,693
-0.406434891719895,1.6602557357285117,0.0,0.0,0.0,0.0,0.0,1.0,1920
0.7210595238835125,-1.512264278882673,0.0,1.0,0.0,0.0,0.0,0.0,67
-0.8896467841213553,-1.1436042764470666,0.0,0.0,0.0,1.0,0.0,0.0,884
0.8015948392837559,-0.9237579349247855,0.0,1.0,0.0,0.0,0.0,0.0,249
0.9626654700842426,-0.2972582736065891,0.0,0.0,0.0,0.0,0.0,1.0,365
0.8821301546839992,1.0980014478111664,1.0,0.0,0.0,0.0,0.0,0.0,160
1.2042714162849728,-0.030836961932142786,1.0,0.0,0.0,0.0,0.0,0.0,686
-1.5339293073233025,-0.3547943548247162,0.0,1.0,0.0,0.0,0.0,0.0,708
0.8821301546839992,0.2215806526865017,0.0,0.0,0.0,1.0,0.0,0.0,893
0.3183829468822955,0.5330946490308835,0.0,0.0,0.0,0.0,1.0,0.0,243
-0.16482894551916483,0.3158228033461594,1.0,0.0,0.0,0.0,0.0,0.0,516
1.3653420470854596,1.8180021170479057,0.0,1.0,0.0,0.0,0.0,0.0,543
-1.1312527303220854,-1.2096830029443597,0.0,0.0,1.0,0.0,0.0,0.0,358
0.8821301546839992,-1.498377604364942,1.0,0.0,0.0,0.0,0.0,0.0,24
-0.6480408379206252,0.522328575528373,0.0,0.0,1.0,0.0,0.0,0.0,281
1.2042714162849728,-0.09792988375938255,1.0,0.0,0.0,0.0,0.0,0.0,639
0.8821301546839992,-0.7277451836562507,0.0,1.0,0.0,0.0,0.0,0.0,324
-1.453393991923059,0.5873931066957194,0.0,0.0,0.0,0.0,1.0,0.0,576
0.8015948392837559,0.04901141654481059,0.0,1.0,0.0,0.0,0.0,0.0,145
-0.08429363011892142,-1.0474897651782766,0.0,0.0,0.0,0.0,0.0,1.0,676
-0.406434891719895,0.7773987010099549,0.0,0.0,0.0,0.0,1.0,0.0,738
-0.4869702071201384,-1.0651211609142721,0.0,0.0,0.0,0.0,1.0,0.0,31
-1.6144646227235457,0.5669921775587158,0.0,0.0,1.0,0.0,0.0,0.0,720
-1.6949999381237892,1.5094916991806735,0.0,0.0,0.0,0.0,0.0,1.0,695
-1.6144646227235457,0.20863015847333682,1.0,0.0,0.0,0.0,0.0,0.0,273
0.8015948392837559,-1.0728446484269427,0.0,0.0,1.0,0.0,0.0,0.0,663
1.5264126778859464,-0.06083373919094941,0.0,0.0,0.0,0.0,0.0,1.0,276
0.23784763148205212,0.6360744825331586,0.0,1.0,0.0,0.0,0.0,0.0,158
1.284806731685216,1.7885124374540724,0.0,0.0,0.0,0.0,1.0,0.0,263
-0.406434891719895,0.46576768212750225,1.0,0.0,0.0,0.0,0.0,0.0,393
-1.2923233611225722,-0.5105513529969071,0.0,0.0,0.0,0.0,1.0,0.0,383
0.3183829468822955,1.108806528826367,1.0,0.0,0.0,0.0,0.0,0.0,349
1.4458773624857029,-1.1184444307618515,1.0,0.0,0.0,0.0,0.0,0.0,228
-1.1312527303220854,-0.43791936436765105,0.0,1.0,0.0,0.0,0.0,0.0,627
0.7210595238835125,-1.4395542752280364,0.0,0.0,0.0,0.0,0.0,1.0,1530
0.4794535776827823,-0.7686640644683289,1.0,0.0,0.0,0.0,0.0,0.0,422
1.6069479932861896,0.28212031238177854,1.0,0.0,0.0,0.0,0.0,0.0,130
-0.16482894551916483,-0.5294699966516812,0.0,0.0,1.0,0.0,0.0,0.0,746
1.5264126778859464,-0.30186116010403924,0.0,0.0,0.0,0.0,0.0,1.0,513
-0.6480408379206252,1.0955439745116802,0.0,1.0,0.0,0.0,0.0,0.0,803
-0.4869702071201384,-0.22747383340372165,0.0,1.0,0.0,0.0,0.0,0.0,757
-0.08429363011892142,1.5575099473023781,0.0,1.0,0.0,0.0,0.0,0.0,23
-0.9701820995215987,0.9047582299436396,1.0,0.0,0.0,0.0,0.0,0.0,688
0.9626654700842426,-1.2216973168529583,0.0,0.0,0.0,0.0,1.0,0.0,105
1.4458773624857029,-0.9794996705591609,0.0,0.0,1.0,0.0,0.0,0.0,72
-1.6949999381237892,-1.4287101867001453,0.0,0.0,0.0,0.0,1.0,0.0,698
-1.0507174149218421,1.2491165519732168,0.0,1.0,0.0,0.0,0.0,0.0,864
1.043200785484486,-1.2391336750255026,0.0,0.0,0.0,1.0,0.0,0.0,926
0.5599888930830257,1.6721920346117298,1.0,0.0,0.0,0.0,0.0,0.0,991
-1.211788045722329,1.5215450206019625,1.0,0.0,0.0,0.0,0.0,0.0,101
0.15731231608180873,1.4143523757291399,0.0,0.0,0.0,1.0,0.0,0.0,15
-0.0037583147186780403,-0.7884798809149788,0.0,1.0,0.0,0.0,0.0,0.0,802
-0.4869702071201384,1.348468686795298,0.0,0.0,1.0,0.0,0.0,0.0,359
-0.8896467841213553,1.4578847598914653,0.0,0.0,0.0,0.0,0.0,1.0,922
-0.809111468721112,-0.2508783410178751,0.0,1.0,0.0,0.0,0.0,0.0,180
-0.9701820995215987,-0.8386045347219574,0.0,1.0,0.0,0.0,0.0,0.0,911
1.6069479932861896,-0.11548326446999761,0.0,1.0,0.0,0.0,0.0,0.0,373
-0.16482894551916483,-0.6433329261945374,0.0,1.0,0.0,0.0,0.0,0.0,894
1.2042714162849728,-0.556151135331816,0.0,0.0,0.0,0.0,1.0,0.0,34
1.6069479932861896,1.725905379586212,0.0,0.0,0.0,0.0,0.0,1.0,58
1.4458773624857029,1.5827088005002834,0.0,0.0,0.0,0.0,0.0,1.0,843
-0.08429363011892142,-0.5132428713725348,0.0,1.0,0.0,0.0,0.0,0.0,604
-0.24536426091940822,-0.7633980502551444,0.0,1.0,0.0,0.0,0.0,0.0,394
-1.3728586765228157,-1.3607200920810296,0.0,0.0,1.0,0.0,0.0,0.0,739
1.5264126778859464,1.689901445373106,0.0,0.0,0.0,0.0,1.0,0.0,523
-1.453393991923059,-0.7657385010165598,0.0,0.0,1.0,0.0,0.0,0.0,764
0.7210595238835125,0.6174678989799066,0.0,0.0,1.0,0.0,0.0,0.0,579
0.4794535776827823,1.5499424898404686,0.0,1.0,0.0,0.0,0.0,0.0,648
0.8015948392837559,-0.6781276275142455,0.0,1.0,0.0,0.0,0.0,0.0,625
-0.6480408379206252,0.43604395745752744,0.0,0.0,1.0,0.0,0.0,0.0,42
0.15731231608180873,1.015266513395134,0.0,1.0,0.0,0.0,0.0,0.0,259
0.7210595238835125,0.08259688497112072,0.0,0.0,1.0,0.0,0.0,0.0,545
-1.2923233611225722,1.4230510510590668,0.0,0.0,1.0,0.0,0.0,0.0,374
-0.9701820995215987,-1.257935296142206,0.0,0.0,0.0,0.0,0.0,1.0,437
1.043200785484486,0.20913725613831016,0.0,0.0,0.0,0.0,0.0,1.0,350
1.1237361008847293,1.0409724642580125,0.0,0.0,0.0,1.0,0.0,0.0,53
-0.0037583147186780403,1.1414948244608014,0.0,0.0,0.0,1.0,0.0,0.0,371
1.5264126778859464,0.8874388943091661,1.0,0.0,0.0,0.0,0.0,0.0,846
1.3653420470854596,-1.0308335572595373,0.0,0.0,0.0,0.0,1.0,0.0,229
1.3653420470854596,0.11528518060555498,0.0,1.0,0.0,0.0,0.0,0.0,541
-1.1312527303220854,1.5111690222263545,0.0,1.0,0.0,0.0,0.0,0.0,982
1.4458773624857029,0.4580051871021414,0.0,1.0,0.0,0.0,0.0,0.0,231
-0.0037583147186780403,-0.5411722504587578,0.0,0.0,1.0,0.0,0.0,0.0,1998
0.8821301546839992,1.1895910876078866,0.0,0.0,0.0,0.0,1.0,0.0,227
1.3653420470854596,1.7399870916673943,0.0,0.0,0.0,0.0,1.0,0.0,977
1.3653420470854596,-0.5042321359410857,1.0,0.0,0.0,0.0,0.0,0.0,502
1.284806731685216,-1.3478476128932453,1.0,0.0,0.0,0.0,0.0,0.0,1723
-1.453393991923059,0.7622637860861357,1.0,0.0,0.0,0.0,0.0,0.0,762
0.7210595238835125,0.24759866365090225,0.0,0.0,0.0,0.0,0.0,1.0,473
0.15731231608180873,0.7899201125835269,1.0,0.0,0.0,0.0,0.0,0.0,316
-0.0037583147186780403,1.025954571872264,0.0,0.0,0.0,1.0,0.0,0.0,840
-1.6949999381237892,1.46166848862242,0.0,0.0,0.0,1.0,0.0,0.0,408
-0.0037583147186780403,-1.2891803138071007,0.0,0.0,0.0,0.0,1.0,0.0,778
-0.08429363011892142,-0.4926078971593895,0.0,0.0,0.0,0.0,1.0,0.0,718
0.3183829468822955,0.9293329629385008,0.0,0.0,0.0,0.0,1.0,0.0,796
-1.6144646227235457,-0.32686497573849316,0.0,0.0,0.0,1.0,0.0,0.0,244
-0.9701820995215987,1.4313986587747816,0.0,0.0,0.0,0.0,1.0,0.0,624
0.3183829468822955,0.5785384013150314,1.0,0.0,0.0,0.0,0.0,0.0,810
1.2042714162849728,1.79580684232715,1.0,0.0,0.0,0.0,0.0,0.0,184
-0.8896467841213553,0.5389847834471122,0.0,0.0,0.0,0.0,0.0,1.0,876
-0.8896467841213553,-1.1082244624370046,0.0,0.0,0.0,0.0,0.0,1.0,721
0.3989182622825389,-0.23917608721079836,0.0,0.0,0.0,0.0,1.0,0.0,642
-0.0037583147186780403,-0.7679229217272141,0.0,0.0,0.0,0.0,0.0,1.0,26
-0.08429363011892142,-0.7330892128948158,0.0,0.0,0.0,1.0,0.0,0.0,36
0.7210595238835125,-1.6617410675117328,0.0,0.0,0.0,0.0,1.0,0.0,928
-1.0507174149218421,-0.24947407056102586,0.0,1.0,0.0,0.0,0.0,0.0,37
-0.6480408379206252,0.9486806892328675,0.0,0.0,0.0,0.0,0.0,1.0,66
1.1237361008847293,1.0103905743088522,0.0,0.0,0.0,0.0,0.0,1.0,13
0.8015948392837559,-0.013634648835740032,0.0,0.0,0.0,0.0,1.0,0.0,506
-0.8896467841213553,-0.6766063345193255,0.0,0.0,0.0,0.0,1.0,0.0,90
1.043200785484486,0.8476122238524151,0.0,1.0,0.0,0.0,0.0,0.0,307
-0.7285761533208686,-1.3937984628423665,1.0,0.0,0.0,0.0,0.0,0.0,131
0.23784763148205212,1.1243705263897792,0.0,0.0,0.0,0.0,1.0,0.0,829
0.3989182622825389,-0.1878422005104219,0.0,1.0,0.0,0.0,0.0,0.0,297
0.3989182622825389,1.5968685276068462,0.0,0.0,0.0,0.0,0.0,1.0,730
0.23784763148205212,1.3415643570491227,0.0,0.0,0.0,0.0,0.0,1.0,970
1.6069479932861896,1.0060217328875434,0.0,1.0,0.0,0.0,0.0,0.0,845
-1.6144646227235457,-1.5938289879179977,1.0,0.0,0.0,0.0,0.0,0.0,656
-1.6949999381237892,-1.0711673253812617,0.0,0.0,0.0,0.0,0.0,1.0,402
-1.5339293073233025,1.727270642530371,0.0,0.0,1.0,0.0,0.0,0.0,119
1.5264126778859464,1.8170269292306491,0.0,0.0,1.0,0.0,0.0,0.0,640
1.043200785484486,-1.548268213095779,0.0,1.0,0.0,0.0,0.0,0.0,1458
1.3653420470854596,-1.5373461095425074,0.0,0.0,0.0,0.0,0.0,1.0,722
-0.406434891719895,-0.9250061753308737,0.0,0.0,0.0,0.0,1.0,0.0,287
0.5599888930830257,0.027830337154001756,0.0,0.0,1.0,0.0,0.0,0.0,142
0.15731231608180873,1.297797927810656,0.0,0.0,1.0,0.0,0.0,0.0,174
1.2042714162849728,-0.510083262844624,0.0,0.0,0.0,0.0,0.0,1.0,608
0.07677700068156534,-0.33884028213440165,1.0,0.0,0.0,0.0,0.0,0.0,621
-0.16482894551916483,1.8027891870987058,0.0,0.0,1.0,0.0,0.0,0.0,356
-1.1312527303220854,-1.23566200639607,0.0,0.0,0.0,0.0,0.0,1.0,1941
-1.453393991923059,-0.5472184149257474,0.0,0.0,0.0,1.0,0.0,0.0,697
0.5599888930830257,-1.2984250943146913,1.0,0.0,0.0,0.0,0.0,0.0,1649
-1.6949999381237892,1.2748225028360953,1.0,0.0,0.0,0.0,0.0,0.0,710
1.3653420470854596,0.3210108025339634,0.0,0.0,0.0,0.0,1.0,0.0,346
0.8821301546839992,-1.6498437761412048,0.0,0.0,0.0,0.0,0.0,1.0,986
0.8821301546839992,-0.7667917038591967,0.0,1.0,0.0,0.0,0.0,0.0,671
1.6069479932861896,-1.5302077347201906,0.0,1.0,0.0,0.0,0.0,0.0,150
-1.6144646227235457,-0.9580455385795202,1.0,0.0,0.0,0.0,0.0,0.0,809
-0.0037583147186780403,1.2690103834452473,0.0,0.0,0.0,0.0,1.0,0.0,827
-0.16482894551916483,-0.463235240103627,0.0,0.0,0.0,0.0,1.0,0.0,223
1.4458773624857029,-1.3605250545175784,0.0,0.0,1.0,0.0,0.0,0.0,962
-1.2923233611225722,1.6916567834441676,0.0,0.0,0.0,1.0,0.0,0.0,578
0.8821301546839992,-0.822377409442811,0.0,0.0,0.0,0.0,0.0,1.0,906
0.8821301546839992,-0.2144843316778665,0.0,0.0,0.0,0.0,0.0,1.0,172
-0.24536426091940822,0.025684923956037692,1.0,0.0,0.0,0.0,0.0,0.0,580
-0.3258995763196516,0.35268490283845105,0.0,0.0,0.0,0.0,0.0,1.0,75
0.8821301546839992,-1.0422627584777824,0.0,1.0,0.0,0.0,0.0,0.0,288
-1.5339293073233025,-0.539377904875006,0.0,0.0,0.0,0.0,1.0,0.0,813
-1.453393991923059,-1.4502423337051664,0.0,0.0,1.0,0.0,0.0,0.0,55
0.6405242084832691,-1.421493796852448,0.0,0.0,1.0,0.0,0.0,0.0,155
0.5599888930830257,-1.3081769724872552,0.0,0.0,1.0,0.0,0.0,0.0,985
0.7210595238835125,1.632365364154979,1.0,0.0,0.0,0.0,0.0,0.0,1703
0.15731231608180873,1.638957633799632,0.0,0.0,0.0,0.0,1.0,0.0,630
-0.6480408379206252,-1.5987049270042795,0.0,0.0,0.0,1.0,0.0,0.0,930
-1.2923233611225722,0.3060709251735955,0.0,0.0,1.0,0.0,0.0,0.0,888
1.4458773624857029,-1.3173827454821556,0.0,0.0,0.0,1.0,0.0,0.0,14
0.07677700068156534,1.0284900601971307,0.0,1.0,0.0,0.0,0.0,0.0,236
-1.2923233611225722,1.379908742023644,0.0,0.0,0.0,1.0,0.0,0.0,848
-1.2923233611225722,-0.748068097767874,0.0,0.0,0.0,0.0,1.0,0.0,652
-0.7285761533208686,-1.4594090991873765,1.0,0.0,0.0,0.0,0.0,0.0,1696
0.4794535776827823,-0.9415453607115422,0.0,0.0,0.0,1.0,0.0,0.0,805
-0.24536426091940822,-0.0004891170591238684,0.0,1.0,0.0,0.0,0.0,0.0,951
0.3989182622825389,-1.0528337944168416,0.0,0.0,1.0,0.0,0.0,0.0,789
-1.5339293073233025,-0.3760144417282153,1.0,0.0,0.0,0.0,0.0,0.0,905
-1.6144646227235457,0.8099309665936281,0.0,0.0,1.0,0.0,0.0,0.0,149
-0.6480408379206252,-1.3558051454820574,0.0,1.0,0.0,0.0,0.0,0.0,51
1.3653420470854596,-0.2537258894442637,0.0,0.0,0.0,0.0,1.0,0.0,133
-0.0037583147186780403,0.8135976727865122,0.0,0.0,0.0,0.0,0.0,1.0,334
-0.9701820995215987,0.5829852577617206,0.0,0.0,0.0,0.0,0.0,1.0,908
-1.2923233611225722,1.5236124187745461,0.0,0.0,0.0,0.0,0.0,1.0,602
0.9626654700842426,-0.007705506906821169,0.0,0.0,0.0,0.0,0.0,1.0,298
-0.8896467841213553,-0.6744609213213615,0.0,0.0,1.0,0.0,0.0,0.0,260
1.5264126778859464,-1.192051607208364,0.0,1.0,0.0,0.0,0.0,0.0,226
-0.3258995763196516,-0.6519145789863937,0.0,0.0,0.0,0.0,0.0,1.0,958
-0.9701820995215987,-0.3712555251800041,1.0,0.0,0.0,0.0,0.0,0.0,823
0.4794535776827823,-0.9416233757369227,0.0,0.0,0.0,0.0,1.0,0.0,152
-1.3728586765228157,-0.808022644772797,0.0,0.0,0.0,0.0,0.0,1.0,546
1.3653420470854596,0.11528518060555498,0.0,1.0,0.0,0.0,0.0,0.0,1541
0.07677700068156534,1.3646177970490638,0.0,0.0,1.0,0.0,0.0,0.0,368
0.07677700068156534,1.012067897354533,1.0,0.0,0.0,0.0,0.0,0.0,399
-1.6144646227235457,1.3024398218207962,0.0,1.0,0.0,0.0,0.0,0.0,564
1.4458773624857029,-0.5543567897480642,0.0,0.0,1.0,0.0,0.0,0.0,467
-0.9701820995215987,-0.03477672071385861,0.0,1.0,0.0,0.0,0.0,0.0,482
1.1237361008847293,0.5898895875078959,1.0,0.0,0.0,0.0,0.0,0.0,577
-1.5339293073233025,0.9819540975576556,0.0,0.0,0.0,1.0,0.0,0.0,619
-0.6480408379206252,-0.32616284051006855,1.0,0.0,0.0,0.0,0.0,0.0,807
-1.1312527303220854,-0.6955639856867898,0.0,0.0,1.0,0.0,0.0,0.0,704
-0.24536426091940822,0.6505462697412434,0.0,0.0,1.0,0.0,0.0,0.0,520
-0.08429363011892142,-0.9052683739096044,0.0,0.0,1.0,0.0,0.0,0.0,773
1.043200785484486,-0.11669249736339554,0.0,0.0,0.0,0.0,1.0,0.0,268
0.07677700068156534,0.2704180585747018,0.0,0.0,0.0,0.0,1.0,0.0,685
1.2042714162849728,1.3286138628359578,0.0,0.0,0.0,0.0,1.0,0.0,847
0.9626654700842426,-1.4736078338066296,0.0,0.0,0.0,0.0,1.0,0.0,749
-1.6144646227235457,-1.64758134040517,0.0,0.0,1.0,0.0,0.0,0.0,1973
0.3989182622825389,1.3937174015159945,0.0,0.0,0.0,0.0,0.0,1.0,125
1.4458773624857029,-0.4990051292405914,0.0,0.0,0.0,1.0,0.0,0.0,976
-1.0507174149218421,-0.5361012738090246,0.0,0.0,0.0,0.0,0.0,1.0,919
1.6069479932861896,1.5222081483176968,0.0,0.0,0.0,0.0,1.0,0.0,737
0.6405242084832691,-1.1748883016246516,0.0,0.0,0.0,1.0,0.0,0.0,987
-1.6949999381237892,-1.0068439369550302,0.0,0.0,0.0,1.0,0.0,0.0,1937
-1.6144646227235457,1.509140631566461,0.0,0.0,0.0,1.0,0.0,0.0,186
0.23784763148205212,1.395004649434773,0.0,0.0,0.0,1.0,0.0,0.0,655
1.043200785484486,-0.5297820567532032,0.0,1.0,0.0,0.0,0.0,0.0,274
0.4794535776827823,1.5790030867947091,0.0,0.0,0.0,1.0,0.0,0.0,302
1.4458773624857029,-0.480164500611198,0.0,0.0,0.0,0.0,0.0,1.0,867
1.043200785484486,-0.7133124039608562,0.0,1.0,0.0,0.0,0.0,0.0,114
-1.453393991923059,1.1720767144099618,0.0,0.0,0.0,1.0,0.0,0.0,447
-0.0037583147186780403,-0.7400325501536813,1.0,0.0,0.0,0.0,0.0,0.0,572
0.9626654700842426,1.6475782941041786,0.0,0.0,1.0,0.0,0.0,0.0,933
1.6874833086864331,0.2668293674071983,0.0,0.0,1.0,0.0,0.0,0.0,461
1.1237361008847293,-0.7688981095444705,0.0,0.0,0.0,0.0,1.0,0.0,143
-0.0037583147186780403,1.6166843440534961,1.0,0.0,0.0,0.0,0.0,0.0,291
0.15731231608180873,-1.0845859097467097,0.0,0.0,0.0,1.0,0.0,0.0,747
-0.406434891719895,1.3533056183688896,0.0,1.0,0.0,0.0,0.0,0.0,91
-0.8896467841213553,-0.23980020741384245,0.0,0.0,0.0,0.0,1.0,0.0,622
0.23784763148205212,-1.13954749512728,0.0,0.0,0.0,1.0,0.0,0.0,27
-1.5339293073233025,-1.2937832003045509,0.0,1.0,0.0,0.0,0.0,0.0,286
-1.2923233611225722,-0.9515312839602476,0.0,0.0,0.0,1.0,0.0,0.0,879
0.8821301546839992,-1.0862242252797005,0.0,0.0,0.0,0.0,0.0,1.0,969
0.4794535776827823,0.2798578766457437,0.0,0.0,0.0,0.0,1.0,0.0,776
1.4458773624857029,1.0039153272022696,0.0,1.0,0.0,0.0,0.0,0.0,264
0.7210595238835125,1.632365364154979,1.0,0.0,0.0,0.0,0.0,0.0,703
1.284806731685216,0.15476078344809374,0.0,1.0,0.0,0.0,0.0,0.0,725
0.3183829468822955,1.8048565852712894,0.0,0.0,0.0,0.0,0.0,1.0,77
-1.0507174149218421,-1.1886189460916217,0.0,0.0,0.0,1.0,0.0,0.0,400
-1.5339293073233025,0.7052738100456721,0.0,1.0,0.0,0.0,0.0,0.0,255
-0.406434891719895,1.6602557357285117,0.0,0.0,0.0,0.0,0.0,1.0,920
1.1237361008847293,1.7676824256774757,0.0,0.0,0.0,0.0,0.0,1.0,609
-1.6144646227235457,0.6901779026345432,0.0,0.0,0.0,0.0,1.0,0.0,56
-0.16482894551916483,0.3361847249704729,0.0,1.0,0.0,0.0,0.0,0.0,217
1.5264126778859464,-0.2401122675153645,0.0,0.0,0.0,1.0,0.0,0.0,673
0.07677700068156534,-0.7409297229455571,0.0,0.0,0.0,1.0,0.0,0.0,510
-0.4869702071201384,-1.124451587716151,0.0,0.0,0.0,0.0,0.0,1.0,448
-1.1312527303220854,0.8885311046644933,0.0,0.0,0.0,0.0,1.0,0.0,5
-0.7285761533208686,-1.4594090991873765,1.0,0.0,0.0,0.0,0.0,0.0,696
-0.7285761533208686,1.3178087818207571,0.0,0.0,0.0,1.0,0.0,0.0,163
-1.453393991923059,0.06812509776303587,0.0,1.0,0.0,0.0,0.0,0.0,834
-0.6480408379206252,1.1863924715672858,0.0,0.0,0.0,0.0,1.0,0.0,70
-0.4869702071201384,1.0584478299432472,0.0,0.0,0.0,0.0,0.0,1.0,417
-0.7285761533208686,0.9373295030400032,0.0,0.0,1.0,0.0,0.0,0.0,597
-1.5339293073233025,1.4774275237492833,0.0,0.0,0.0,1.0,0.0,0.0,165
0.15731231608180873,0.22317996070680218,0.0,0.0,1.0,0.0,0.0,0.0,257
0.3989182622825389,-0.21464036172862755,1.0,0.0,0.0,0.0,0.0,0.0,28
-0.7285761533208686,-0.07944032274420136,0.0,0.0,0.0,0.0,1.0,0.0,913
1.6069479932861896,0.3607204504526437,0.0,0.0,0.0,0.0,0.0,1.0,328
0.7210595238835125,1.1379451408059882,0.0,0.0,0.0,1.0,0.0,0.0,871
0.3989182622825389,-1.2999463873096113,1.0,0.0,0.0,0.0,0.0,0.0,769
-0.4869702071201384,-1.6194179162428053,1.0,0.0,0.0,0.0,0.0,0.0,74
0.8821301546839992,1.5338713946120832,0.0,0.0,0.0,0.0,0.0,1.0,278
0.8821301546839992,1.1352536224303604,0.0,0.0,0.0,0.0,0.0,1.0,996
1.043200785484486,0.6633797414163375,1.0,0.0,0.0,0.0,0.0,0.0,110
-1.3728586765228157,0.6585428098427458,0.0,0.0,1.0,0.0,0.0,0.0,533
1.1237361008847293,-0.2639458577691107,0.0,0.0,1.0,0.0,0.0,0.0,1990
-0.406434891719895,1.8309916187737607,0.0,0.0,1.0,0.0,0.0,0.0,643
1.2042714162849728,0.04163899664635227,0.0,0.0,0.0,0.0,0.0,1.0,567
0.7210595238835125,1.1712575566434664,0.0,0.0,1.0,0.0,0.0,0.0,329
0.9626654700842426,-1.4136142792890163,0.0,0.0,0.0,0.0,0.0,1.0,672
0.23784763148205212,-0.26613027847976506,0.0,1.0,0.0,0.0,0.0,0.0,667
-0.6480408379206252,-0.6886986634533048,0.0,0.0,0.0,0.0,1.0,0.0,529
1.284806731685216,0.194314401316013,0.0,0.0,0.0,0.0,0.0,1.0,294
-1.1312527303220854,-0.8888852185796969,1.0,0.0,0.0,0.0,0.0,0.0,960
-0.0037583147186780403,1.0235361060854682,0.0,1.0,0.0,0.0,0.0,0.0,668
-1.211788045722329,0.8606407330909605,0.0,0.0,0.0,1.0,0.0,0.0,558
-1.6949999381237892,0.3391883034476226,0.0,0.0,0.0,1.0,0.0,0.0,896
-1.453393991923059,-1.1566717931983022,0.0,0.0,1.0,0.0,0.0,0.0,997
0.15731231608180873,-0.34320912355571026,0.0,0.0,1.0,0.0,0.0,0.0,178
0.5599888930830257,-0.0642664003076919,1.0,0.0,0.0,0.0,0.0,0.0,2
-1.5339293073233025,-0.21070060294691173,0.0,0.0,1.0,0.0,0.0,0.0,768
1.6874833086864331,0.3442202725846656,0.0,0.0,0.0,1.0,0.0,0.0,904
-0.16482894551916483,-0.7889869785799521,0.0,0.0,0.0,0.0,0.0,1.0,612
0.6405242084832691,-0.2671054662970214,1.0,0.0,0.0,0.0,0.0,0.0,300
0.07677700068156534,0.4606186904523885,0.0,0.0,0.0,0.0,0.0,1.0,138
-0.809111468721112,0.7437352175582642,0.0,1.0,0.0,0.0,0.0,0.0,415
-0.24536426091940822,1.3046632500441409,0.0,1.0,0.0,0.0,0.0,0.0,222
1.043200785484486,-0.28286450142388475,0.0,1.0,0.0,0.0,0.0,0.0,94
-1.2923233611225722,-1.1178203105588076,0.0,0.0,1.0,0.0,0.0,0.0,677
-0.4869702071201384,-1.3187870159390047,1.0,0.0,0.0,0.0,0.0,0.0,388
-0.16482894551916483,0.830214873192561,0.0,1.0,0.0,0.0,0.0,0.0,892
-0.7285761533208686,-0.4314441172610686,1.0,0.0,0.0,0.0,0.0,0.0,353
1.284806731685216,-1.405461709136753,1.0,0.0,0.0,0.0,0.0,0.0,899
-0.24536426091940822,0.7149866807055458,0.0,0.0,0.0,1.0,0.0,0.0,8
-1.5339293073233025,-1.2001651698479372,0.0,0.0,0.0,0.0,0.0,1.0,16
-0.3258995763196516,-1.4232101274108193,1.0,0.0,0.0,0.0,0.0,0.0,727
0.23784763148205212,-0.8885731584781749,0.0,1.0,0.0,0.0,0.0,0.0,267
0.3183829468822955,0.18729304903176697,0.0,0.0,0.0,0.0,1.0,0.0,478
-0.3258995763196516,0.9549608987759988,0.0,0.0,0.0,0.0,0.0,1.0,653
0.15731231608180873,-1.4521146943142986,0.0,0.0,1.0,0.0,0.0,0.0,332
0.23784763148205212,-0.7264579357374723,0.0,0.0,0.0,0.0,1.0,0.0,820
0.8821301546839992,-0.477121914621358,0.0,0.0,0.0,1.0,0.0,0.0,853
-0.6480408379206252,0.38513915339674376,0.0,0.0,0.0,0.0,0.0,1.0,952
-0.9701820995215987,-0.6615494346208869,0.0,0.0,0.0,0.0,1.0,0.0,64
-0.406434891719895,0.2548540610112898,0.0,0.0,0.0,1.0,0.0,0.0,971
-0.24536426091940822,-0.31754218020552205,0.0,0.0,1.0,0.0,0.0,0.0,772
-0.8896467841213553,0.65460305106103,0.0,0.0,0.0,0.0,1.0,0.0,664
-0.16482894551916483,-0.5287288539105662,0.0,0.0,0.0,1.0,0.0,0.0,265
0.23784763148205212,-1.3258083682232509,0.0,1.0,0.0,0.0,0.0,0.0,599
-1.1312527303220854,-0.4981859714740961,1.0,0.0,0.0,0.0,0.0,0.0,479
1.3653420470854596,0.4110401418230735,1.0,0.0,0.0,0.0,0.0,0.0,431
0.3183829468822955,-1.3793656831469718,0.0,1.0,0.0,0.0,0.0,0.0,828
0.3183829468822955,-0.42879160639813124,1.0,0.0,0.0,0.0,0.0,0.0,44
0.7210595238835125,-1.3106344457867414,1.0,0.0,0.0,0.0,0.0,0.0,866
0.8821301546839992,-0.4199369010174432,0.0,0.0,0.0,1.0,0.0,0.0,211
1.1237361008847293,-0.10822786710961005,0.0,0.0,0.0,0.0,0.0,1.0,355
-0.8896467841213553,-1.5027464457862505,1.0,0.0,0.0,0.0,0.0,0.0,209
0.7210595238835125,1.8332930620224859,0.0,0.0,1.0,0.0,0.0,0.0,441
0.9626654700842426,0.7035964869999911,0.0,0.0,0.0,1.0,0.0,0.0,484
-1.2923233611225722,-1.561998857562749,0.0,0.0,0.0,0.0,0.0,1.0,750
1.6069479932861896,0.13350168903190437,0.0,0.0,0.0,0.0,1.0,0.0,983
-0.809111468721112,-0.7571568482247035,0.0,0.0,0.0,0.0,0.0,1.0,472
-1.0507174149218421,0.6121628772540318,0.0,0.0,0.0,0.0,0.0,1.0,250
-0.8896467841213553,-0.7478340526917324,0.0,1.0,0.0,0.0,0.0,0.0,201
-1.453393991923059,-1.6226945473087868,0.0,0.0,0.0,1.0,0.0,0.0,954
-1.211788045722329,0.8651265970503399,0.0,0.0,0.0,0.0,1.0,0.0,1285
0.8821301546839992,-0.3792520652815065,0.0,0.0,0.0,0.0,1.0,0.0,459
-1.211788045722329,-0.2597330463985631,1.0,0.0,0.0,0.0,0.0,0.0,486
0.07677700068156534,-0.5716371178698475,0.0,0.0,1.0,0.0,0.0,0.0,806
1.3653420470854596,-0.8272533485290929,0.0,1.0,0.0,0.0,0.0,0.0,159
1.6069479932861896,0.28543595096045027,0.0,0.0,0.0,1.0,0.0,0.0,348
0.23784763148205212,1.105724935323837,1.0,0.0,0.0,0.0,0.0,0.0,406
-0.3258995763196516,-1.0090283576656844,0.0,0.0,1.0,0.0,0.0,0.0,775
1.043200785484486,0.29054593512287374,1.0,0.0,0.0,0.0,0.0,0.0,386
0.4794535776827823,-1.2512650114721722,0.0,0.0,0.0,0.0,1.0,0.0,633
0.5599888930830257,-0.7588341712703845,0.0,1.0,0.0,0.0,0.0,0.0,347
1.043200785484486,0.6633797414163375,1.0,0.0,0.0,0.0,0.0,0.0,1110
0.07677700068156534,1.2048430250697766,0.0,0.0,1.0,0.0,0.0,0.0,107
0.3183829468822955,-1.3253402780709678,0.0,0.0,0.0,0.0,1.0,0.0,122
1.1237361008847293,-0.27428284863202845,0.0,0.0,0.0,1.0,0.0,0.0,634
1.1237361008847293,0.8385234733955855,0.0,0.0,1.0,0.0,0.0,0.0,538
0.5599888930830257,-0.6114247808139083,0.0,0.0,1.0,0.0,0.0,0.0,60
-0.5675055225203818,-1.4065929270047703,0.0,0.0,0.0,0.0,0.0,1.0,1878
0.8821301546839992,-0.8816298212193094,0.0,0.0,1.0,0.0,0.0,0.0,466
1.3653420470854596,-0.6044814435550429,0.0,1.0,0.0,0.0,0.0,0.0,705
0.5599888930830257,1.3063795806025122,0.0,0.0,1.0,0.0,0.0,0.0,1413
-1.453393991923059,-1.3689506772586737,0.0,0.0,0.0,1.0,0.0,0.0,487
0.8821301546839992,0.446966061010799,0.0,0.0,0.0,0.0,1.0,0.0,645
-1.6144646227235457,-0.4280114561443261,0.0,0.0,0.0,0.0,1.0,0.0,182
-0.24536426091940822,0.8248318364413058,0.0,0.0,0.0,0.0,0.0,1.0,585
0.15731231608180873,-0.6223468843671799,0.0,0.0,0.0,0.0,0.0,1.0,808
0.07677700068156534,1.378504471566795,1.0,0.0,0.0,0.0,0.0,0.0,323
0.3183829468822955,-0.043046313404192814,0.0,0.0,0.0,0.0,1.0,0.0,398
-0.24536426091940822,-1.4031992734007182,0.0,0.0,0.0,0.0,0.0,1.0,524
-1.2923233611225722,-1.0098475154321798,0.0,1.0,0.0,0.0,0.0,0.0,856
-1.6949999381237892,-0.6178220128951103,0.0,0.0,0.0,0.0,0.0,1.0,1595
0.9626654700842426,-0.3127442561446206,0.0,0.0,0.0,0.0,1.0,0.0,724
1.3653420470854596,-0.5959387982758768,0.0,0.0,0.0,1.0,0.0,0.0,410
-0.3258995763196516,0.30373047441218015,0.0,0.0,0.0,0.0,1.0,0.0,1838
0.8015948392837559,1.2340986595874683,0.0,0.0,1.0,0.0,0.0,0.0,333
-0.8896467841213553,-1.0069219519804107,0.0,0.0,1.0,0.0,0.0,0.0,755
-1.3728586765228157,0.5356301373557502,0.0,0.0,0.0,0.0,1.0,0.0,748
1.6069479932861896,1.5231053211095726,0.0,0.0,0.0,0.0,1.0,0.0,173
-1.1312527303220854,1.4055756853738324,0.0,0.0,0.0,0.0,0.0,1.0,49
1.043200785484486,-1.386231005380457,0.0,1.0,0.0,0.0,0.0,0.0,818
1.043200785484486,0.8278744224311457,0.0,0.0,1.0,0.0,0.0,0.0,116
0.3183829468822955,-0.9852337749246285,1.0,0.0,0.0,0.0,0.0,0.0,220
0.8821301546839992,-0.9691626796962431,0.0,1.0,0.0,0.0,0.0,0.0,600
0.6405242084832691,-0.2846588470076365,0.0,0.0,1.0,0.0,0.0,0.0,292
-0.6480408379206252,1.2243467814149045,0.0,0.0,0.0,1.0,0.0,0.0,360
1.3653420470854596,-1.526306983451165,1.0,0.0,0.0,0.0,0.0,0.0,594
-0.08429363011892142,-1.0279079938077682,0.0,0.0,0.0,0.0,0.0,1.0,492
-0.9701820995215987,-1.5909814394916089,0.0,0.0,0.0,1.0,0.0,0.0,742
1.284806731685216,-1.3478476128932453,1.0,0.0,0.0,0.0,0.0,0.0,723
1.284806731685216,-0.7644902606104715,0.0,1.0,0.0,0.0,0.0,0.0,732
0.6405242084832691,-1.1474270126907116,0.0,0.0,1.0,0.0,0.0,0.0,136
0.8015948392837559,-0.13069619441919733,0.0,0.0,0.0,1.0,0.0,0.0,224
1.2042714162849728,-1.5732330212175425,1.0,0.0,0.0,0.0,0.0,0.0,900
-0.809111468721112,-0.1943564551296946,0.0,0.0,0.0,1.0,0.0,0.0,629
0.8821301546839992,-1.2987761619289035,0.0,0.0,0.0,0.0,0.0,1.0,972
-1.211788045722329,0.22743177959004007,0.0,1.0,0.0,0.0,0.0,0.0,146
-1.6949999381237892,-1.2785312628426608,1.0,0.0,0.0,0.0,0.0,0.0,232
-1.2923233611225722,1.189786125171338,1.0,0.0,0.0,0.0,0.0,0.0,57
0.4794535776827823,0.17676102060539794,0.0,1.0,0.0,0.0,0.0,0.0,30
1.284806731685216,-0.6758651917782107,0.0,0.0,0.0,0.0,1.0,0.0,992
1.4458773624857029,1.3018157016177523,1.0,0.0,0.0,0.0,0.0,0.0,699
0.8821301546839992,0.8487434417204325,0.0,0.0,0.0,0.0,0.0,1.0,460
1.6069479932861896,-0.401447340002262,0.0,0.0,0.0,0.0,1.0,0.0,777
0.3183829468822955,-1.0465925923864006,0.0,1.0,0.0,0.0,0.0,0.0,429
-0.9701820995215987,-1.2534494321828265,0.0,0.0,0.0,1.0,0.0,0.0,442
1.284806731685216,-1.426837826091013,0.0,0.0,0.0,1.0,0.0,0.0,817
-1.1312527303220854,-1.1601824693404252,0.0,0.0,1.0,0.0,0.0,0.0,842
-0.4869702071201384,-1.0036453209144292,1.0,0.0,0.0,0.0,0.0,0.0,532
-0.809111468721112,0.7284832800963743,1.0,0.0,0.0,0.0,0.0,0.0,522
-1.453393991923059,-0.5951976555347619,0.0,0.0,0.0,1.0,0.0,0.0,1877
-0.8896467841213553,0.9800817369485234,0.0,0.0,1.0,0.0,0.0,0.0,233
1.1237361008847293,1.7731824849668019,0.0,0.0,0.0,0.0,1.0,0.0,1493
1.2042714162849728,0.42367857593471636,0.0,0.0,0.0,0.0,1.0,0.0,435
0.4794535776827823,0.4765337556300128,0.0,0.0,1.0,0.0,0.0,0.0,364
1.284806731685216,1.6033437747134287,1.0,0.0,0.0,0.0,0.0,0.0,601
-0.3258995763196516,0.30373047441218015,0.0,0.0,0.0,0.0,1.0,0.0,838
0.15731231608180873,1.4468066262874326,0.0,0.0,0.0,1.0,0.0,0.0,86
-1.6949999381237892,0.8899353751213425,1.0,0.0,0.0,0.0,0.0,0.0,675
-0.08429363011892142,-0.0944582151299498,1.0,0.0,0.0,0.0,0.0,0.0,321
-0.8896467841213553,0.5291158827364775,0.0,0.0,0.0,0.0,1.0,0.0,607
-1.6949999381237892,-0.1393558622364341,0.0,0.0,1.0,0.0,0.0,0.0,120
-0.5675055225203818,-0.15975679137343782,0.0,0.0,1.0,0.0,0.0,0.0,616
-0.8896467841213553,-0.7127272912705023,0.0,0.0,0.0,0.0,0.0,1.0,156
-1.6949999381237892,-1.0068439369550302,0.0,0.0,0.0,1.0,0.0,0.0,937
-0.809111468721112,-1.4319868177661268,0.0,0.0,0.0,0.0,0.0,1.0,463
-0.7285761533208686,1.6961426474035468,1.0,0.0,0.0,0.0,0.0,0.0,144
-1.3728586765228157,-0.1964628608149684,0.0,0.0,0.0,0.0,0.0,1.0,380
0.07677700068156534,-0.6807411308644926,0.0,0.0,0.0,1.0,0.0,0.0,476
-1.211788045722329,-0.3088825123882853,0.0,0.0,1.0,0.0,0.0,0.0,527
1.2042714162849728,1.0564974543087342,0.0,0.0,1.0,0.0,0.0,0.0,117
-1.5339293073233025,-1.616921435430629,0.0,0.0,0.0,1.0,0.0,0.0,766
-1.5339293073233025,-0.7030924356360092,0.0,0.0,0.0,0.0,0.0,1.0,587
-0.4869702071201384,-1.552559039491707,0.0,0.0,0.0,0.0,0.0,1.0,620
-0.24536426091940822,-1.6469572202021259,0.0,1.0,0.0,0.0,0.0,0.0,253
1.5264126778859464,-1.2949144181725682,1.0,0.0,0.0,0.0,0.0,0.0,251
-0.406434891719895,-0.6866702727934115,0.0,0.0,0.0,1.0,0.0,0.0,743
1.2042714162849728,0.36536234446278415,1.0,0.0,0.0,0.0,0.0,0.0,171
-0.16482894551916483,-1.2012573802032644,0.0,0.0,1.0,0.0,0.0,0.0,646
0.3183829468822955,0.9026908317710561,1.0,0.0,0.0,0.0,0.0,0.0,62
-1.211788045722329,-1.5067642195933468,0.0,0.0,0.0,0.0,1.0,0.0,241
0.9626654700842426,0.19747400984392371,0.0,0.0,0.0,0.0,0.0,1.0,841
0.07677700068156534,0.2702620285239408,0.0,0.0,0.0,1.0,0.0,0.0,715
-1.1312527303220854,-1.2219703694417903,0.0,0.0,1.0,0.0,0.0,0.0,103
1.6069479932861896,0.28212031238177854,1.0,0.0,0.0,0.0,0.0,0.0,1130
1.284806731685216,1.329706073191285,0.0,0.0,0.0,0.0,0.0,1.0,557
-1.5339293073233025,1.3787775241556266,0.0,0.0,0.0,1.0,0.0,0.0,684
0.07677700068156534,0.00033004070737150087,0.0,0.0,1.0,0.0,0.0,0.0,814
-0.24536426091940822,-1.4996648522837204,1.0,0.0,0.0,0.0,0.0,0.0,305
0.6405242084832691,1.0793558567452242,0.0,0.0,1.0,0.0,0.0,0.0,736
-0.7285761533208686,0.028727509945877635,0.0,1.0,0.0,0.0,0.0,0.0,752
0.23784763148205212,-1.2532543946193753,0.0,0.0,0.0,0.0,0.0,1.0,269
0.07677700068156534,-0.6809361684279439,0.0,0.0,1.0,0.0,0.0,0.0,71
0.07677700068156534,-1.3789756080200692,0.0,0.0,0.0,0.0,0.0,1.0,756
-0.809111468721112,1.4518385954244755,1.0,0.0,0.0,0.0,0.0,0.0,1623
-1.0507174149218421,-1.2382755097463172,1.0,0.0,0.0,0.0,0.0,0.0,344
0.5599888930830257,1.2516910478107737,0.0,0.0,0.0,0.0,1.0,0.0,770
-0.3258995763196516,0.4784061162391451,0.0,0.0,0.0,0.0,1.0,0.0,613
-0.3258995763196516,-0.5751477940119706,0.0,1.0,0.0,0.0,0.0,0.0,501
1.4458773624857029,1.5194386149166887,0.0,0.0,0.0,1.0,0.0,0.0,975
0.8821301546839992,-0.434252658174767,0.0,0.0,0.0,0.0,1.0,0.0,320
0.4794535776827823,-1.6422763186792952,0.0,1.0,0.0,0.0,0.0,0.0,875
-1.453393991923059,-0.09722774853095795,0.0,0.0,0.0,1.0,0.0,0.0,1200
-1.211788045722329,-0.02323049695754293,0.0,0.0,0.0,1.0,0.0,0.0,48
1.2042714162849728,-1.5716727207099324,0.0,0.0,0.0,1.0,0.0,0.0,944
0.07677700068156534,0.5844675432439503,1.0,0.0,0.0,0.0,0.0,0.0,539
1.1237361008847293,-1.6465671450752233,0.0,0.0,0.0,0.0,1.0,0.0,432
1.043200785484486,-1.4203235714717404,1.0,0.0,0.0,0.0,0.0,0.0,93
-1.1312527303220854,-0.8787822727929208,0.0,1.0,0.0,0.0,0.0,0.0,885
-1.453393991923059,0.0031385816210699096,0.0,0.0,0.0,1.0,0.0,0.0,741
-0.809111468721112,0.08700473390511962,0.0,1.0,0.0,0.0,0.0,0.0,246
-0.08429363011892142,-1.364737865888126,0.0,0.0,0.0,1.0,0.0,0.0,779
-1.211788045722329,0.1473103485242549,0.0,0.0,1.0,0.0,0.0,0.0,354
0.6405242084832691,-0.05689398040923358,0.0,0.0,0.0,0.0,0.0,1.0,434
1.6069479932861896,-1.6288577343138473,0.0,0.0,1.0,0.0,0.0,0.0,956
1.2042714162849728,0.7667496500455151,1.0,0.0,0.0,0.0,0.0,0.0,687
0.7210595238835125,0.7826257077104491,0.0,0.0,1.0,0.0,0.0,0.0,617
-0.6480408379206252,1.6056452179621536,0.0,0.0,1.0,0.0,0.0,0.0,719
0.6405242084832691,-1.456561550760988,0.0,1.0,0.0,0.0,0.0,0.0,424
-1.5339293073233025,0.48238488253355116,0.0,0.0,1.0,0.0,0.0,0.0,330
-1.6144646227235457,-0.04920950040925321,1.0,0.0,0.0,0.0,0.0,0.0,195
-0.6480408379206252,-0.9440418415237185,0.0,0.0,1.0,0.0,0.0,0.0,787
-1.3728586765228157,1.369220683546514,0.0,0.0,1.0,0.0,0.0,0.0,711
-1.3728586765228157,-0.8448847442650885,0.0,0.0,1.0,0.0,0.0,0.0,446
0.4794535776827823,-1.333141780609019,1.0,0.0,0.0,0.0,0.0,0.0,598
-1.6144646227235457,-0.8521011341127859,0.0,0.0,0.0,1.0,0.0,0.0,912
-1.0507174149218421,-1.5767436973596656,0.0,1.0,0.0,0.0,0.0,0.0,554
-1.2923233611225722,0.3611885406049268,0.0,0.0,0.0,1.0,0.0,0.0,978
0.4794535776827823,0.1879561767475013,0.0,0.0,0.0,0.0,0.0,1.0,631
-0.6480408379206252,-1.2923399223350114,0.0,0.0,1.0,0.0,0.0,0.0,963
-0.08429363011892142,0.4492675042595241,1.0,0.0,0.0,0.0,0.0,0.0,948
0.6405242084832691,-1.1153628372593214,0.0,0.0,0.0,0.0,0.0,1.0,793
-0.0037583147186780403,-0.5128918037583224,0.0,0.0,0.0,0.0,1.0,0.0,147
-0.08429363011892142,-0.5896585887327457,1.0,0.0,0.0,0.0,0.0,0.0,665
1.043200785484486,-0.1486786577694052,1.0,0.0,0.0,0.0,0.0,0.0,534
-0.3258995763196516,-1.4157596924869804,0.0,1.0,0.0,0.0,0.0,0.0,816
-0.8896467841213553,-1.4138093168524677,0.0,0.0,0.0,0.0,0.0,1.0,11
0.4794535776827823,1.1451615306536853,0.0,0.0,0.0,0.0,1.0,0.0,234
-1.6949999381237892,-0.37870596010384294,0.0,0.0,0.0,0.0,0.0,1.0,115
1.043200785484486,0.8247928289286155,0.0,0.0,1.0,0.0,0.0,0.0,499
0.3183829468822955,0.7709234539033725,0.0,0.0,1.0,0.0,0.0,0.0,416
0.23784763148205212,0.8360269925834092,0.0,0.0,1.0,0.0,0.0,0.0,235
0.23784763148205212,0.9432976524816122,0.0,0.0,1.0,0.0,0.0,0.0,957
-1.2923233611225722,-0.3865854776672746,0.0,0.0,0.0,1.0,0.0,0.0,780
-1.6144646227235457,-0.779040062843937,1.0,0.0,0.0,0.0,0.0,0.0,18
1.5264126778859464,0.8054060951215585,0.0,0.0,0.0,1.0,0.0,0.0,485
-1.211788045722329,0.7571147944110219,0.0,0.0,1.0,0.0,0.0,0.0,812
-1.3728586765228157,1.216506271364163,0.0,0.0,0.0,0.0,0.0,1.0,247
-1.6949999381237892,0.8794423542076637,0.0,0.0,0.0,0.0,1.0,0.0,798
-1.6144646227235457,1.4140793231403082,0.0,0.0,0.0,1.0,0.0,0.0,45
0.9626654700842426,-0.08181978101830696,0.0,1.0,0.0,0.0,0.0,0.0,786
-0.0037583147186780403,1.1344734721765553,1.0,0.0,0.0,0.0,0.0,0.0,372
1.6069479932861896,0.9801987594865942,0.0,0.0,1.0,0.0,0.0,0.0,239
-1.211788045722329,0.8651265970503399,0.0,0.0,0.0,0.0,1.0,0.0,285
-0.809111468721112,-0.39391889005304265,0.0,0.0,0.0,1.0,0.0,0.0,457
-0.24536426091940822,-0.19587774812461456,0.0,0.0,0.0,0.0,1.0,0.0,690
1.043200785484486,-1.243463508934121,0.0,0.0,1.0,0.0,0.0,0.0,1674
0.15731231608180873,-1.4475118078168485,0.0,0.0,1.0,0.0,0.0,0.0,870
-1.6949999381237892,1.8027111720733253,0.0,0.0,1.0,0.0,0.0,0.0,465
-1.6949999381237892,0.8022464865936477,0.0,0.0,1.0,0.0,0.0,0.0,87
-0.809111468721112,-0.7857103475139707,1.0,0.0,0.0,0.0,0.0,0.0,426
-1.1312527303220854,-0.5422254533013947,0.0,0.0,0.0,0.0,0.0,1.0,261
-0.406434891719895,-0.9037080734019941,0.0,0.0,0.0,0.0,1.0,0.0,745
-1.5339293073233025,-0.9359672863968356,0.0,0.0,0.0,0.0,0.0,1.0,980
1.043200785484486,1.0624265962376531,1.0,0.0,0.0,0.0,0.0,0.0,547
1.2042714162849728,1.3974231152215688,0.0,0.0,0.0,0.0,0.0,1.0,868
-0.08429363011892142,0.09320692842287027,0.0,0.0,0.0,0.0,1.0,0.0,6
1.284806731685216,0.4924098132949469,0.0,0.0,0.0,0.0,1.0,0.0,683
1.4458773624857029,-0.8897043763461924,0.0,1.0,0.0,0.0,0.0,0.0,938
1.1237361008847293,1.3485467018206785,0.0,1.0,0.0,0.0,0.0,0.0,797
-0.5675055225203818,-0.6927944522857816,0.0,0.0,0.0,0.0,1.0,0.0,735
0.07677700068156534,-0.5735484859916701,1.0,0.0,0.0,0.0,0.0,0.0,362
0.8015948392837559,1.1292074579633709,1.0,0.0,0.0,0.0,0.0,0.0,177
0.07677700068156534,-0.16260433979982647,1.0,0.0,0.0,0.0,0.0,0.0,548
-0.7285761533208686,-1.4228590597966069,0.0,0.0,0.0,0.0,0.0,1.0,389
-0.8896467841213553,-0.1973600336068443,0.0,0.0,1.0,0.0,0.0,0.0,860
0.5599888930830257,1.739167933900899,0.0,0.0,1.0,0.0,0.0,0.0,311
1.4458773624857029,1.7592568029363806,0.0,1.0,0.0,0.0,0.0,0.0,914
-0.406434891719895,-0.2661692859924553,0.0,0.0,1.0,0.0,0.0,0.0,52
-0.809111468721112,1.4518385954244755,1.0,0.0,0.0,0.0,0.0,0.0,623
0.4794535776827823,-1.1288204291374597,0.0,1.0,0.0,0.0,0.0,0.0,637
1.1237361008847293,-0.9412723081227103,0.0,0.0,1.0,0.0,0.0,0.0,277
-0.809111468721112,1.0390220886234998,1.0,0.0,0.0,0.0,0.0,0.0,535
-1.2923233611225722,-0.3233152920836799,0.0,1.0,0.0,0.0,0.0,0.0,312
0.6405242084832691,0.09246578568175541,0.0,0.0,0.0,1.0,0.0,0.0,713
0.8015948392837559,-0.21046655787077018,0.0,1.0,0.0,0.0,0.0,0.0,444
-1.0507174149218421,-1.41416038446668,0.0,0.0,0.0,0.0,1.0,0.0,932
0.3183829468822955,1.3398480264907515,0.0,0.0,0.0,0.0,0.0,1.0,196
0.15731231608180873,1.5792761393835408,0.0,0.0,0.0,1.0,0.0,0.0,734
1.1237361008847293,-1.0728446484269427,0.0,0.0,0.0,1.0,0.0,0.0,641
0.8821301546839992,0.8803005194868494,0.0,0.0,1.0,0.0,0.0,0.0,303
-0.16482894551916483,0.40838763096013614,0.0,0.0,0.0,0.0,1.0,0.0,455
-0.4869702071201384,-1.1077563722847215,1.0,0.0,0.0,0.0,0.0,0.0,242
1.284806731685216,-1.5959353936032714,0.0,0.0,0.0,1.0,0.0,0.0,21
0.3183829468822955,0.9836314206033366,1.0,0.0,0.0,0.0,0.0,0.0,666
0.8821301546839992,-0.7280962512704631,0.0,0.0,0.0,1.0,0.0,0.0,966
0.6405242084832691,1.0961680947147243,0.0,0.0,1.0,0.0,0.0,0.0,385
-1.3728586765228157,0.5151121856806757,0.0,0.0,0.0,1.0,0.0,0.0,121
-0.5675055225203818,-0.3052548137080915,0.0,1.0,0.0,0.0,0.0,0.0,3
0.3183829468822955,-1.4382280197965678,0.0,0.0,0.0,0.0,1.0,0.0,129
-1.2923233611225722,1.7184159371496828,0.0,1.0,0.0,0.0,0.0,0.0,207
-0.8896467841213553,1.1337323294354404,0.0,1.0,0.0,0.0,0.0,0.0,901
-0.406434891719895,0.4934630161375838,0.0,0.0,0.0,0.0,0.0,1.0,573
-1.453393991923059,1.152572958064834,0.0,0.0,0.0,0.0,0.0,1.0,135
-0.16482894551916483,-0.0021274325921146068,0.0,0.0,0.0,1.0,0.0,0.0,256
-0.4869702071201384,0.5020836764421303,0.0,0.0,0.0,0.0,1.0,0.0,214
-1.3728586765228157,0.5812689272033493,0.0,0.0,0.0,1.0,0.0,0.0,205
1.2042714162849728,-0.6917022419304545,0.0,0.0,0.0,0.0,1.0,0.0,949
1.3653420470854596,0.8298638055783487,0.0,0.0,0.0,0.0,1.0,0.0,139
1.043200785484486,0.7091745613146977,0.0,0.0,1.0,0.0,0.0,0.0,512
0.9626654700842426,-0.11704356497760783,0.0,0.0,1.0,0.0,0.0,0.0,63
0.7210595238835125,-1.4395542752280364,0.0,0.0,0.0,0.0,0.0,1.0,530
-1.1312527303220854,-0.7907033091383234,0.0,1.0,0.0,0.0,0.0,0.0,92
0.07677700068156534,0.8357929475072676,1.0,0.0,0.0,0.0,0.0,0.0,335
-0.24536426091940822,0.8664528524818086,0.0,1.0,0.0,0.0,0.0,0.0,611
1.043200785484486,0.408816713599729,0.0,0.0,0.0,0.0,1.0,0.0,252
-1.3728586765228157,-0.042227155637697446,0.0,1.0,0.0,0.0,0.0,0.0,782
0.4794535776827823,1.0022380041565886,0.0,0.0,0.0,0.0,1.0,0.0,188
-0.6480408379206252,-0.23281786264228668,0.0,0.0,0.0,0.0,1.0,0.0,123
-0.5675055225203818,0.3629828861886785,0.0,0.0,0.0,0.0,0.0,1.0,363
0.07677700068156534,-1.4110007759387693,1.0,0.0,0.0,0.0,0.0,0.0,910
-1.6949999381237892,-0.37141155523076513,0.0,0.0,0.0,0.0,1.0,0.0,445
-1.6144646227235457,0.8815097523802473,0.0,0.0,0.0,0.0,0.0,1.0,187
1.284806731685216,0.5447969028379602,1.0,0.0,0.0,0.0,0.0,0.0,568
0.5599888930830257,0.4372921978636156,0.0,1.0,0.0,0.0,0.0,0.0,549
0.5599888930830257,-1.2984250943146913,1.0,0.0,0.0,0.0,0.0,0.0,649
-1.2923233611225722,1.2894503200949412,0.0,1.0,0.0,0.0,0.0,0.0,907
1.5264126778859464,0.9473544338013988,0.0,1.0,0.0,0.0,0.0,0.0,837
0.3183829468822955,-0.035556870967663724,0.0,0.0,0.0,1.0,0.0,0.0,889
0.6405242084832691,1.450707377556458,0.0,0.0,0.0,1.0,0.0,0.0,658
1.1237361008847293,1.3236599087242955,0.0,0.0,0.0,0.0,0.0,1.0,490
-0.9701820995215987,0.07701881065641417,0.0,1.0,0.0,0.0,0.0,0.0,494
0.8015948392837559,0.34051455887909127,0.0,0.0,0.0,0.0,1.0,0.0,603
1.5264126778859464,-1.4423628161417348,0.0,0.0,0.0,1.0,0.0,0.0,943
0.5599888930830257,-0.11630242223649298,0.0,0.0,0.0,0.0,0.0,1.0,940
0.4794535776827823,0.06847616537724817,0.0,0.0,0.0,1.0,0.0,0.0,589
1.043200785484486,0.3669616524830846,0.0,0.0,1.0,0.0,0.0,0.0,319
0.8015948392837559,-0.9237579349247855,0.0,1.0,0.0,0.0,0.0,0.0,1249
-1.3728586765228157,-1.4388131324869216,0.0,1.0,0.0,0.0,0.0,0.0,682
-0.4869702071201384,0.7734589422282391,0.0,0.0,0.0,1.0,0.0,0.0,275
1.6874833086864331,0.4890161596908946,0.0,0.0,0.0,1.0,0.0,0.0,550
-1.1312527303220854,-0.9303111970567485,0.0,0.0,0.0,0.0,0.0,1.0,632
0.8015948392837559,1.3033369946126723,0.0,0.0,0.0,0.0,1.0,0.0,503
-1.3728586765228157,-1.2677651893401503,1.0,0.0,0.0,0.0,0.0,0.0,304
-0.08429363011892142,-1.302325845583717,0.0,1.0,0.0,0.0,0.0,0.0,606
0.23784763148205212,1.4789488167442033,0.0,0.0,1.0,0.0,0.0,0.0,765
-1.1312527303220854,-1.23566200639607,0.0,0.0,0.0,0.0,0.0,1.0,941
0.9626654700842426,1.0299333381666702,0.0,0.0,0.0,0.0,0.0,1.0,850
-1.6949999381237892,-0.008368634622555516,0.0,0.0,0.0,0.0,1.0,0.0,161
1.5264126778859464,0.6923233158325073,0.0,0.0,0.0,1.0,0.0,0.0,314
-0.3258995763196516,1.6487485194848863,0.0,0.0,0.0,0.0,1.0,0.0,61
1.284806731685216,1.2409639818209535,0.0,0.0,1.0,0.0,0.0,0.0,203
0.3989182622825389,0.47711886832036665,1.0,0.0,0.0,0.0,0.0,0.0,296
-0.08429363011892142,-0.9677584092393939,0.0,0.0,0.0,0.0,0.0,1.0,299
1.6874833086864331,-1.363528632994728,0.0,0.0,0.0,1.0,0.0,0.0,794
-1.6144646227235457,1.3781534039525827,0.0,0.0,0.0,0.0,1.0,0.0,366
-1.2923233611225722,-1.2443216742133067,0.0,0.0,1.0,0.0,0.0,0.0,872
-0.6480408379206252,0.7842250157307497,0.0,0.0,0.0,0.0,0.0,1.0,945
-0.16482894551916483,-0.19080677147488131,0.0,0.0,0.0,0.0,1.0,0.0,916
-0.5675055225203818,1.632833454307262,0.0,0.0,1.0,0.0,0.0,0.0,923
-1.6144646227235457,0.9727873320754455,0.0,0.0,0.0,1.0,0.0,0.0,915
0.4794535776827823,-1.0738978512695796,0.0,0.0,0.0,0.0,1.0,0.0,822
-1.2923233611225722,0.951021139994283,1.0,0.0,0.0,0.0,0.0,0.0,857
-0.3258995763196516,0.2830174851736544,0.0,0.0,0.0,0.0,1.0,0.0,39
1.1237361008847293,1.7731824849668019,0.0,0.0,0.0,0.0,1.0,0.0,493
-0.6480408379206252,-0.46623881858077665,0.0,0.0,1.0,0.0,0.0,0.0,974
-1.0507174149218421,-1.3047053038578225,1.0,0.0,0.0,0.0,0.0,0.0,170
0.23784763148205212,-0.22134965391135153,0.0,0.0,1.0,0.0,0.0,0.0,41
1.2042714162849728,0.2714322539046485,0.0,1.0,0.0,0.0,0.0,0.0,377
-0.08429363011892142,0.22992826040221642,0.0,0.0,0.0,0.0,1.0,0.0,855
-0.08429363011892142,0.041014876443308174,0.0,0.0,0.0,1.0,0.0,0.0,692
0.4794535776827823,0.8099309665936281,0.0,0.0,0.0,0.0,0.0,1.0,678
0.6405242084832691,0.7991648930911176,1.0,0.0,0.0,0.0,0.0,0.0,946
-0.4869702071201384,-1.4415826658879296,0.0,0.0,0.0,1.0,0.0,0.0,605
-1.0507174149218421,-1.4734127962431782,0.0,1.0,0.0,0.0,0.0,0.0,644
0.5599888930830257,-0.6114247808139083,0.0,0.0,1.0,0.0,0.0,0.0,1060
1.2042714162849728,1.6011593540027742,0.0,0.0,0.0,1.0,0.0,0.0,717
-0.4869702071201384,-0.6306554845702044,0.0,0.0,1.0,0.0,0.0,0.0,409
-0.5675055225203818,0.15597001634149166,0.0,0.0,1.0,0.0,0.0,0.0,127
-0.406434891719895,-0.20274307035809958,0.0,0.0,0.0,0.0,0.0,1.0,341
1.2042714162849728,-0.5699988023368567,0.0,0.0,1.0,0.0,0.0,0.0,507
-0.0037583147186780403,1.0656642197909443,0.0,1.0,0.0,0.0,0.0,0.0,854
1.4458773624857029,-1.006219816751986,0.0,1.0,0.0,0.0,0.0,0.0,54
0.23784763148205212,0.6889686697411452,0.0,0.0,1.0,0.0,0.0,0.0,370
-0.9701820995215987,0.6597520427361437,1.0,0.0,0.0,0.0,0.0,0.0,657
0.8821301546839992,0.7195895672029959,1.0,0.0,0.0,0.0,0.0,0.0,733
0.8015948392837559,-0.44786628010366625,1.0,0.0,0.0,0.0,0.0,0.0,176
-0.5675055225203818,-1.4065929270047703,0.0,0.0,0.0,0.0,0.0,1.0,878
-1.6949999381237892,-0.8252249578691997,0.0,1.0,0.0,0.0,0.0,0.0,618
-0.16482894551916483,0.16275732354959616,0.0,0.0,0.0,1.0,0.0,0.0,46
0.7210595238835125,1.0806821121766927,0.0,0.0,0.0,0.0,0.0,1.0,237
0.6405242084832691,0.6595960126853827,0.0,0.0,1.0,0.0,0.0,0.0,712
-0.5675055225203818,-0.38572731238808894,1.0,0.0,0.0,0.0,0.0,0.0,968
-1.211788045722329,0.03313535887987653,0.0,0.0,0.0,1.0,0.0,0.0,981
0.23784763148205212,1.5789250717693286,0.0,1.0,0.0,0.0,0.0,0.0,83
1.1237361008847293,-0.7981927515748525,0.0,0.0,0.0,0.0,0.0,1.0,1439
1.2042714162849728,-0.4631182175655562,0.0,0.0,0.0,0.0,0.0,1.0,137
1.3653420470854596,1.814257395829641,0.0,0.0,0.0,0.0,0.0,1.0,7
-0.5675055225203818,0.8613818758320754,0.0,0.0,0.0,0.0,1.0,0.0,68
0.8821301546839992,0.8618499659843584,1.0,0.0,0.0,0.0,0.0,0.0,301
0.15731231608180873,-0.5657079759409287,0.0,0.0,1.0,0.0,0.0,0.0,449
-1.1312527303220854,-1.2553998078173394,0.0,0.0,0.0,1.0,0.0,0.0,284
-0.809111468721112,-1.2738893688325206,1.0,0.0,0.0,0.0,0.0,0.0,25
-0.7285761533208686,-0.9521163966506014,1.0,0.0,0.0,0.0,0.0,0.0,831
1.043200785484486,-0.06091175421632992,0.0,0.0,0.0,1.0,0.0,0.0,610
-1.6144646227235457,1.0955829820243705,1.0,0.0,0.0,0.0,0.0,0.0,999
-0.809111468721112,-0.8293597542143668,0.0,0.0,0.0,0.0,0.0,1.0,709
-0.3258995763196516,-0.19810117634795912,1.0,0.0,0.0,0.0,0.0,0.0,662
0.07677700068156534,1.787537249636816,0.0,0.0,1.0,0.0,0.0,0.0,967
1.5264126778859464,-1.3174607605075361,0.0,1.0,0.0,0.0,0.0,0.0,79
1.043200785484486,0.14028899624000887,0.0,0.0,0.0,0.0,0.0,1.0,266
-0.9701820995215987,-0.6507053460929958,0.0,0.0,1.0,0.0,0.0,0.0,744
-0.6480408379206252,1.7558631493323282,0.0,0.0,0.0,0.0,1.0,0.0,811
-1.5339293073233025,0.8186686494362454,1.0,0.0,0.0,0.0,0.0,0.0,865
-1.6949999381237892,0.26721944253410085,0.0,0.0,1.0,0.0,0.0,0.0,781
0.5599888930830257,1.3063795806025122,0.0,0.0,1.0,0.0,0.0,0.0,413
0.8821301546839992,-1.2621481075127536,0.0,0.0,0.0,0.0,1.0,0.0,258
-0.809111468721112,1.4016359265921166,0.0,0.0,1.0,0.0,0.0,0.0,508
-0.0037583147186780403,-0.4759126817279601,0.0,0.0,1.0,0.0,0.0,0.0,792
0.6405242084832691,0.8189807095377675,1.0,0.0,0.0,0.0,0.0,0.0,861
-1.3728586765228157,1.4273028699423047,0.0,0.0,1.0,0.0,0.0,0.0,929
-0.5675055225203818,0.12304767563091587,0.0,1.0,0.0,0.0,0.0,0.0,984
-1.6949999381237892,1.4110757446631583,0.0,0.0,0.0,0.0,1.0,0.0,917
0.15731231608180873,-1.0127340713712587,1.0,0.0,0.0,0.0,0.0,0.0,352
0.3183829468822955,-0.7906252941129429,0.0,0.0,0.0,0.0,0.0,1.0,481
1.284806731685216,-0.5369204315755199,0.0,0.0,0.0,1.0,0.0,0.0,881
1.043200785484486,1.3489757844602714,0.0,0.0,0.0,0.0,1.0,0.0,800
0.8015948392837559,-0.008992754825599606,0.0,0.0,0.0,0.0,1.0,0.0,134
0.4794535776827823,-1.1918175621322225,0.0,0.0,0.0,0.0,1.0,0.0,309
-1.5339293073233025,1.0286070827352014,0.0,0.0,0.0,0.0,0.0,1.0,414
-1.6949999381237892,-0.01617013716060665,0.0,1.0,0.0,0.0,0.0,0.0,1403
1.3653420470854596,-1.0426138260919946,0.0,0.0,0.0,1.0,0.0,0.0,961
-1.5339293073233025,0.9509041174562122,0.0,1.0,0.0,0.0,0.0,0.0,596
0.8015948392837559,-1.6664219690345634,1.0,0.0,0.0,0.0,0.0,0.0,771
0.15731231608180873,-0.6208645988849502,0.0,0.0,1.0,0.0,0.0,0.0,108
0.4794535776827823,1.1587361450698943,0.0,0.0,0.0,1.0,0.0,0.0,148
-1.453393991923059,-0.0023224701555658854,0.0,1.0,0.0,0.0,0.0,0.0,1040
0.6405242084832691,1.3749547879119817,1.0,0.0,0.0,0.0,0.0,0.0,20
-0.3258995763196516,-0.44919253553513494,0.0,0.0,1.0,0.0,0.0,0.0,230
1.2042714162849728,-1.2771269923858117,1.0,0.0,0.0,0.0,0.0,0.0,495
0.7210595238835125,-1.370979067918567,0.0,0.0,0.0,0.0,1.0,0.0,758
-0.24536426091940822,-0.17223919543431962,0.0,0.0,0.0,1.0,0.0,0.0,219
-1.1312527303220854,1.6201170051702385,0.0,0.0,0.0,1.0,0.0,0.0,295
1.1237361008847293,-0.7981927515748525,0.0,0.0,0.0,0.0,0.0,1.0,439
-0.24536426091940822,1.741469377149624,0.0,1.0,0.0,0.0,0.0,0.0,1531
-0.5675055225203818,-0.5298210642658935,0.0,0.0,0.0,1.0,0.0,0.0,819
1.3653420470854596,0.879481361720354,0.0,1.0,0.0,0.0,0.0,0.0,166
1.3653420470854596,0.5011865036502544,0.0,0.0,1.0,0.0,0.0,0.0,586
-1.1312527303220854,0.8017783964413647,0.0,0.0,0.0,1.0,0.0,0.0,636
1.2042714162849728,1.7814910851698262,0.0,0.0,0.0,1.0,0.0,0.0,821
-0.0037583147186780403,-0.9812550086302224,0.0,1.0,0.0,0.0,0.0,0.0,208
1.6874833086864331,-0.29585400314973986,0.0,0.0,0.0,0.0,1.0,0.0,345
1.3653420470854596,-1.4870654256847677,1.0,0.0,0.0,0.0,0.0,0.0,98
1.4458773624857029,-0.5750307714738998,0.0,1.0,0.0,0.0,0.0,0.0,387
-0.9701820995215987,1.6607238258807948,0.0,0.0,0.0,0.0,0.0,1.0,583
0.15731231608180873,-0.611229743250457,0.0,0.0,0.0,0.0,0.0,1.0,204
-0.9701820995215987,-0.8217142817270767,0.0,0.0,1.0,0.0,0.0,0.0,689
0.9626654700842426,1.6245638616169278,0.0,0.0,0.0,1.0,0.0,0.0,731
-1.3728586765228157,0.6844047907563854,0.0,0.0,0.0,0.0,1.0,0.0,425
-0.9701820995215987,0.333454199082155,0.0,0.0,0.0,1.0,0.0,0.0,468
-1.3728586765228157,-0.5520163389866489,1.0,0.0,0.0,0.0,0.0,0.0,1680
-1.6949999381237892,-0.45086985858081596,0.0,0.0,0.0,0.0,0.0,1.0,82
-0.5675055225203818,-0.8043169310672227,0.0,0.0,0.0,1.0,0.0,0.0,883
-1.0507174149218421,0.17227515664601853,0.0,0.0,0.0,0.0,0.0,1.0,790
-0.0037583147186780403,-1.2843823897461992,0.0,0.0,0.0,0.0,1.0,0.0,412
-1.5339293073233025,-1.4105716932991763,0.0,0.0,1.0,0.0,0.0,0.0,325
-1.1312527303220854,-1.0487380055843647,1.0,0.0,0.0,0.0,0.0,0.0,570
-0.0037583147186780403,-0.6511734362452788,0.0,1.0,0.0,0.0,0.0,0.0,518
0.8015948392837559,1.2060132504504844,0.0,0.0,0.0,0.0,0.0,1.0,322
-0.0037583147186780403,-0.1490297253836175,0.0,1.0,0.0,0.0,0.0,0.0,17
-0.8896467841213553,-1.5114451211161777,0.0,1.0,0.0,0.0,0.0,0.0,931
0.3989182622825389,-1.0452273294422416,0.0,1.0,0.0,0.0,0.0,0.0,669
-1.211788045722329,1.5479531066932655,0.0,0.0,0.0,0.0,0.0,1.0,574
1.1237361008847293,0.7046106823299377,0.0,0.0,0.0,0.0,0.0,1.0,218
-0.24536426091940822,0.154799790960784,0.0,0.0,0.0,1.0,0.0,0.0,392
-0.406434891719895,0.21249190222967212,0.0,1.0,0.0,0.0,0.0,0.0,795
-0.809111468721112,-0.36158166203282066,0.0,0.0,0.0,0.0,1.0,0.0,361
-0.406434891719895,-0.3444963714744887,0.0,1.0,0.0,0.0,0.0,0.0,714
1.6069479932861896,-1.442557853705186,1.0,0.0,0.0,0.0,0.0,0.0,338
1.6069479932861896,0.2121018271027696,0.0,0.0,0.0,0.0,1.0,0.0,29
0.9626654700842426,-0.41002899279411825,1.0,0.0,0.0,0.0,0.0,0.0,404
-0.4869702071201384,0.9468083286237353,0.0,0.0,0.0,0.0,1.0,0.0,760
-1.6144646227235457,1.5186974721755737,0.0,0.0,0.0,0.0,1.0,0.0,882
0.6405242084832691,-1.2514600490356236,0.0,0.0,0.0,0.0,0.0,1.0,859
-1.6949999381237892,-0.008368634622555516,0.0,0.0,0.0,0.0,1.0,0.0,1161
-1.3728586765228157,1.2136977304504646,0.0,0.0,0.0,1.0,0.0,0.0,774
-1.0507174149218421,0.15503383603692553,0.0,0.0,1.0,0.0,0.0,0.0,526
0.5599888930830257,0.7628098912637993,0.0,0.0,0.0,0.0,1.0,0.0,215
0.4794535776827823,-0.8704736725898963,0.0,0.0,0.0,0.0,1.0,0.0,591
-1.2923233611225722,-0.6400172876158657,1.0,0.0,0.0,0.0,0.0,0.0,979
-1.0507174149218421,0.580917859589137,0.0,0.0,0.0,0.0,0.0,1.0,694
0.8015948392837559,-0.9601519442647941,0.0,0.0,0.0,0.0,1.0,0.0,1367
0.6405242084832691,-0.11396197147507764,0.0,0.0,0.0,1.0,0.0,0.0,880
-0.809111468721112,-1.4471997477153264,0.0,0.0,0.0,1.0,0.0,0.0,289
1.3653420470854596,-0.9142010943156729,1.0,0.0,0.0,0.0,0.0,0.0,824
-0.406434891719895,0.69123110547718,0.0,0.0,0.0,0.0,0.0,1.0,679
-0.7285761533208686,1.6070104809063126,0.0,0.0,0.0,0.0,0.0,1.0,559
-0.4869702071201384,-0.6571805931995782,0.0,0.0,0.0,0.0,1.0,0.0,450
0.8015948392837559,0.9949045917708206,1.0,0.0,0.0,0.0,0.0,0.0,197
-1.0507174149218421,1.3334507944095495,0.0,0.0,0.0,0.0,1.0,0.0,921
0.15731231608180873,-0.40281260294642096,1.0,0.0,0.0,0.0,0.0,0.0,19
-0.7285761533208686,0.24482913024989408,0.0,0.0,0.0,0.0,0.0,1.0,903
1.043200785484486,-0.6201624636565256,0.0,0.0,0.0,0.0,0.0,1.0,50
0.7210595238835125,1.2083927087245898,1.0,0.0,0.0,0.0,0.0,0.0,318
-1.5339293073233025,0.4886260845639921,0.0,1.0,0.0,0.0,0.0,0.0,33
-1.453393991923059,1.1537431834455416,0.0,0.0,0.0,0.0,1.0,0.0,59
-0.6480408379206252,0.6358014299443268,0.0,0.0,0.0,1.0,0.0,0.0,118
-1.1312527303220854,-0.2559493176676083,0.0,0.0,0.0,1.0,0.0,0.0,69
-0.24536426091940822,-0.5788145002048546,0.0,1.0,0.0,0.0,0.0,0.0,569
0.23784763148205212,-1.4005077550250904,0.0,1.0,0.0,0.0,0.0,0.0,517
1.6069479932861896,-1.6268293436539538,1.0,0.0,0.0,0.0,0.0,0.0,97
-0.809111468721112,0.5510381048684012,0.0,0.0,0.0,1.0,0.0,0.0,401
-0.5675055225203818,-1.1933778626398328,1.0,0.0,0.0,0.0,0.0,0.0,140
1.1237361008847293,1.3706639615160534,0.0,0.0,0.0,1.0,0.0,0.0,839
1.4458773624857029,0.2345311468996666,0.0,0.0,1.0,0.0,0.0,0.0,331
-1.3728586765228157,-0.2043813858910903,0.0,0.0,0.0,0.0,0.0,1.0,565
-1.0507174149218421,-0.2041083333022585,0.0,0.0,1.0,0.0,0.0,0.0,126
0.15731231608180873,-1.416461827715405,0.0,0.0,0.0,0.0,0.0,1.0,12
0.3989182622825389,0.6032691643606535,0.0,0.0,0.0,1.0,0.0,0.0,113
1.3653420470854596,0.09738073228072763,0.0,0.0,0.0,1.0,0.0,0.0,124
-1.5339293073233025,-0.031305052084425855,0.0,0.0,0.0,0.0,1.0,0.0,464
1.1237361008847293,0.5860278437515605,0.0,0.0,1.0,0.0,0.0,0.0,500
-0.4869702071201384,0.866959950146782,0.0,0.0,0.0,1.0,0.0,0.0,210
1.5264126778859464,0.5048922173558287,0.0,0.0,0.0,1.0,0.0,0.0,179
-1.6949999381237892,-0.6178220128951103,0.0,0.0,0.0,0.0,0.0,1.0,595
-0.809111468721112,0.6311595359341864,0.0,0.0,0.0,1.0,0.0,0.0,784
-0.4869702071201384,1.3255712768461179,0.0,0.0,1.0,0.0,0.0,0.0,626
-1.6144646227235457,-0.4783311475147559,0.0,0.0,1.0,0.0,0.0,0.0,451
-0.5675055225203818,0.0011882059865571258,0.0,0.0,0.0,0.0,0.0,1.0,375
-1.3728586765228157,-0.4302738918803609,0.0,0.0,0.0,0.0,1.0,0.0,950
-0.7285761533208686,-0.011021145485492902,0.0,0.0,0.0,0.0,1.0,0.0,519
-1.3728586765228157,-0.7502915259912185,1.0,0.0,0.0,0.0,0.0,0.0,887
-0.0037583147186780403,0.9736454973546312,1.0,0.0,0.0,0.0,0.0,0.0,939
1.6874833086864331,0.4990800979649806,0.0,1.0,0.0,0.0,0.0,0.0,376
0.6405242084832691,0.36192968334604164,1.0,0.0,0.0,0.0,0.0,0.0,514
-1.2923233611225722,1.7997856086215562,0.0,0.0,0.0,0.0,1.0,0.0,151
0.3183829468822955,0.5324315213151493,0.0,0.0,0.0,0.0,0.0,1.0,428
-1.453393991923059,0.6534328256803223,0.0,0.0,0.0,0.0,1.0,0.0,858
0.8821301546839992,-0.4499336782762498,1.0,0.0,0.0,0.0,0.0,0.0,95
0.8821301546839992,0.731174798472002,0.0,0.0,0.0,1.0,0.0,0.0,660
0.15731231608180873,0.6767983257817854,1.0,0.0,0.0,0.0,0.0,0.0,89
1.043200785484486,-1.548268213095779,0.0,1.0,0.0,0.0,0.0,0.0,458
-0.9701820995215987,-1.1152848222339409,0.0,1.0,0.0,0.0,0.0,0.0,555
-1.1312527303220854,-0.5126967661948711,0.0,0.0,0.0,1.0,0.0,0.0,592
-0.5675055225203818,-0.48507944721017016,1.0,0.0,0.0,0.0,0.0,0.0,716
-1.3728586765228157,0.8404738490300984,0.0,0.0,0.0,0.0,0.0,1.0,659
0.3183829468822955,1.0763522782680743,0.0,0.0,1.0,0.0,0.0,0.0,483
-0.16482894551916483,0.15125010730597072,0.0,0.0,1.0,0.0,0.0,0.0,832
1.043200785484486,-0.2537258894442637,0.0,0.0,0.0,0.0,1.0,0.0,240
-0.809111468721112,0.5784993938023412,0.0,0.0,0.0,0.0,0.0,1.0,525
1.6069479932861896,-0.7642172080216398,0.0,1.0,0.0,0.0,0.0,0.0,390
-1.6144646227235457,-0.5031399255857586,0.0,1.0,0.0,0.0,0.0,0.0,336
1.3653420470854596,0.6471916236498815,0.0,0.0,0.0,0.0,1.0,0.0,1381
0.8015948392837559,0.4849983858837983,0.0,0.0,0.0,0.0,0.0,1.0,453
-1.6949999381237892,1.4686118258812855,0.0,0.0,1.0,0.0,0.0,0.0,193
-1.6144646227235457,-0.44197614568743765,1.0,0.0,0.0,0.0,0.0,0.0,339
-1.1312527303220854,-0.34383324375875435,0.0,0.0,1.0,0.0,0.0,0.0,168
1.2042714162849728,0.08388413288989917,1.0,0.0,0.0,0.0,0.0,0.0,315
0.6405242084832691,-0.2869992977690518,0.0,0.0,0.0,0.0,0.0,1.0,728
-0.8896467841213553,-1.3719932632485135,0.0,1.0,0.0,0.0,0.0,0.0,759
0.9626654700842426,-1.6083397826387726,0.0,0.0,0.0,0.0,0.0,1.0,701
1.043200785484486,-1.243463508934121,0.0,0.0,1.0,0.0,0.0,0.0,674
0.5599888930830257,1.5039136248659668,1.0,0.0,0.0,0.0,0.0,0.0,270
-0.5675055225203818,-1.5737011113698256,0.0,1.0,0.0,0.0,0.0,0.0,801
1.2042714162849728,-1.5311049075120664,0.0,0.0,1.0,0.0,0.0,0.0,1462
0.23784763148205212,-0.5913359117784266,0.0,0.0,1.0,0.0,0.0,0.0,78
-0.8896467841213553,-0.5773322147226249,0.0,0.0,0.0,0.0,0.0,1.0,488
-0.0037583147186780403,1.8308355887229997,0.0,0.0,0.0,1.0,0.0,0.0,419
-1.0507174149218421,-0.476809854519836,0.0,0.0,0.0,1.0,0.0,0.0,43
-1.2923233611225722,1.2165842863895435,0.0,0.0,0.0,0.0,0.0,1.0,851
-0.0037583147186780403,1.6923979261852824,0.0,1.0,0.0,0.0,0.0,0.0,369
0.4794535776827823,-0.8973888563461727,1.0,0.0,0.0,0.0,0.0,0.0,452
-0.5675055225203818,0.137714500402452,0.0,0.0,0.0,0.0,0.0,1.0,128
-0.6480408379206252,-0.6271058009153911,0.0,0.0,1.0,0.0,0.0,0.0,544
0.4794535776827823,-0.8287746415240129,1.0,0.0,0.0,0.0,0.0,0.0,100
-0.6480408379206252,-0.3988338366520149,0.0,1.0,0.0,0.0,0.0,0.0,898
-1.6144646227235457,1.1988358681154772,0.0,0.0,0.0,0.0,0.0,1.0,474
0.3183829468822955,-1.1686080920815205,0.0,0.0,0.0,0.0,0.0,1.0,849
1.1237361008847293,-0.535087078479078,0.0,0.0,0.0,0.0,0.0,1.0,65
0.8821301546839992,-1.0090673651783748,0.0,1.0,0.0,0.0,0.0,0.0,192
-1.5339293073233025,-0.2668714212208799,0.0,0.0,0.0,0.0,1.0,0.0,183
1.2042714162849728,1.5145236683177163,0.0,0.0,0.0,0.0,0.0,1.0,109
-0.5675055225203818,1.2679571806026102,0.0,0.0,0.0,0.0,0.0,1.0,175
0.15731231608180873,-1.5273991938064921,0.0,0.0,1.0,0.0,0.0,0.0,76
1.6069479932861896,1.3618092561353654,0.0,0.0,0.0,0.0,0.0,1.0,561
0.23784763148205212,-1.1043627186806693,0.0,0.0,1.0,0.0,0.0,0.0,575
0.3989182622825389,1.2068714157296698,0.0,0.0,1.0,0.0,0.0,0.0,337
-1.6144646227235457,-1.64758134040517,0.0,0.0,1.0,0.0,0.0,0.0,973
-1.6949999381237892,1.2057792053743428,0.0,1.0,0.0,0.0,0.0,0.0,245
-0.406434891719895,0.7429550673044591,0.0,0.0,0.0,0.0,1.0,0.0,308
0.3183829468822955,-0.4613628794944947,0.0,1.0,0.0,0.0,0.0,0.0,340
1.1237361008847293,-1.6646666309635019,0.0,0.0,1.0,0.0,0.0,0.0,262
0.3989182622825389,0.23503824456463993,0.0,0.0,1.0,0.0,0.0,0.0,582
1.6874833086864331,0.08166070466655459,0.0,1.0,0.0,0.0,0.0,0.0,141
-0.08429363011892142,-1.5279452989841558,0.0,0.0,0.0,0.0,1.0,0.0,73
-0.406434891719895,0.530871220807539,0.0,0.0,0.0,0.0,1.0,0.0,477
1.1237361008847293,-0.2639458577691107,0.0,0.0,1.0,0.0,0.0,0.0,990
1.4458773624857029,0.1061184151233449,0.0,0.0,0.0,0.0,0.0,1.0,763
1.2042714162849728,0.7861753913652624,0.0,1.0,0.0,0.0,0.0,0.0,418
1.5264126778859464,0.5820490774571544,0.0,0.0,0.0,0.0,0.0,1.0,593
1.043200785484486,1.3291599680136215,0.0,0.0,0.0,1.0,0.0,0.0,313
0.4794535776827823,-0.8975448863969337,0.0,0.0,0.0,1.0,0.0,0.0,638
1.3653420470854596,0.6351383022285925,0.0,1.0,0.0,0.0,0.0,0.0,988
-1.2923233611225722,-0.7494723682247232,0.0,0.0,0.0,0.0,0.0,1.0,167
0.8821301546839992,0.13455489187454128,0.0,0.0,1.0,0.0,0.0,0.0,378
1.4458773624857029,0.32428743359994494,0.0,1.0,0.0,0.0,0.0,0.0,407
1.3653420470854596,-0.6737197785802467,0.0,0.0,0.0,0.0,0.0,1.0,1
-1.2923233611225722,-1.0480748778686304,0.0,0.0,0.0,1.0,0.0,0.0,198
-0.24536426091940822,-0.8437145188843809,0.0,0.0,0.0,0.0,0.0,1.0,891
-1.3728586765228157,-0.7357027162450629,0.0,1.0,0.0,0.0,0.0,0.0,423
-1.3728586765228157,0.8522931253752458,0.0,0.0,1.0,0.0,0.0,0.0,96
1.5264126778859464,-1.4641680157355876,0.0,1.0,0.0,0.0,0.0,0.0,783
-0.809111468721112,-0.5962118508647086,0.0,0.0,0.0,1.0,0.0,0.0,104
-0.24536426091940822,0.24268371705193004,0.0,0.0,0.0,0.0,0.0,1.0,194
-1.1312527303220854,1.3208123602979067,0.0,1.0,0.0,0.0,0.0,0.0,88
-0.809111468721112,1.7858209190784446,0.0,1.0,0.0,0.0,0.0,0.0,895
0.5599888930830257,1.8211617255758163,0.0,0.0,0.0,0.0,1.0,0.0,489
-0.5675055225203818,-0.28239641127160164,0.0,0.0,1.0,0.0,0.0,0.0,81
0.3183829468822955,-0.8674700941127466,0.0,1.0,0.0,0.0,0.0,0.0,804
0.3989182622825389,0.22918711766110156,0.0,0.0,1.0,0.0,0.0,0.0,563
-0.5675055225203818,0.3974655274068646,0.0,0.0,0.0,1.0,0.0,0.0,729
0.8015948392837559,-0.9849217148231064,0.0,1.0,0.0,0.0,0.0,0.0,191
0.23784763148205212,0.500679405985281,0.0,0.0,0.0,1.0,0.0,0.0,833
1.043200785484486,0.8639563716696322,0.0,0.0,1.0,0.0,0.0,0.0,935
-1.0507174149218421,0.41615012598549705,0.0,0.0,0.0,0.0,1.0,0.0,102
0.23784763148205212,-0.35853907604298074,0.0,0.0,0.0,0.0,1.0,0.0,955
0.3183829468822955,-0.6260916055854444,0.0,0.0,0.0,1.0,0.0,0.0,635
0.4794535776827823,0.21397418771190185,1.0,0.0,0.0,0.0,0.0,0.0,153
1.4458773624857029,-0.6200454411184548,0.0,0.0,0.0,0.0,1.0,0.0,111
0.07677700068156534,1.0706961889279873,0.0,0.0,1.0,0.0,0.0,0.0,436
1.4458773624857029,0.7196675822283765,0.0,0.0,0.0,1.0,0.0,0.0,560
1.6069479932861896,-1.6268293436539538,1.0,0.0,0.0,0.0,0.0,0.0,1097
0.3183829468822955,-1.5696443300500391,0.0,0.0,1.0,0.0,0.0,0.0,785
0.07677700068156534,0.1700127209099837,0.0,0.0,0.0,0.0,0.0,1.0,505
0.9626654700842426,0.4422461519752781,0.0,0.0,0.0,1.0,0.0,0.0,726
-0.8896467841213553,0.5313003034471317,0.0,0.0,0.0,1.0,0.0,0.0,10
0.5599888930830257,0.8212431452738023,0.0,0.0,0.0,0.0,1.0,0.0,480
1.043200785484486,0.9231697759334403,0.0,1.0,0.0,0.0,0.0,0.0,651
1.1237361008847293,1.3714051042571684,1.0,0.0,0.0,0.0,0.0,0.0,521
0.8821301546839992,0.630340378167691,0.0,0.0,0.0,0.0,0.0,1.0,993
0.8015948392837559,1.2373362831407595,0.0,0.0,0.0,0.0,1.0,0.0,767
0.3989182622825389,-1.139391465076519,0.0,1.0,0.0,0.0,0.0,0.0,162
-0.24536426091940822,-0.6928334597984719,0.0,0.0,1.0,0.0,0.0,0.0,443
-0.5675055225203818,1.7602709982663272,0.0,0.0,0.0,0.0,1.0,0.0,32
-0.406434891719895,0.5894214973556128,0.0,1.0,0.0,0.0,0.0,0.0,202
-1.1312527303220854,0.30107796354924277,0.0,1.0,0.0,0.0,0.0,0.0,799
-1.6949999381237892,1.4381469584701958,0.0,1.0,0.0,0.0,0.0,0.0,571
-0.3258995763196516,0.5086369385740932,0.0,0.0,0.0,0.0,1.0,0.0,272
1.6874833086864331,-0.0024004851809463967,1.0,0.0,0.0,0.0,0.0,0.0,753
0.8015948392837559,0.9949045917708206,1.0,0.0,0.0,0.0,0.0,0.0,1197
0.6405242084832691,-0.6909610991893397,0.0,0.0,0.0,0.0,0.0,1.0,310
-1.2923233611225722,-0.4280114561443261,0.0,0.0,0.0,0.0,0.0,1.0,213
-1.6144646227235457,0.0339545166463719,0.0,0.0,0.0,1.0,0.0,0.0,22
0.15731231608180873,-1.4605793245680843,0.0,0.0,0.0,0.0,0.0,1.0,504
0.4794535776827823,1.6689154035457485,0.0,0.0,0.0,1.0,0.0,0.0,528
-0.8896467841213553,0.24428302507223051,0.0,0.0,0.0,0.0,1.0,0.0,551
0.5599888930830257,-0.7975686313718084,0.0,0.0,0.0,0.0,1.0,0.0,740
0.3183829468822955,0.0026704914687868415,0.0,0.0,1.0,0.0,0.0,0.0,886
0.4794535776827823,-0.911782628528877,0.0,0.0,0.0,1.0,0.0,0.0,47
-1.1312527303220854,-0.6963051284279047,0.0,1.0,0.0,0.0,0.0,0.0,379
-1.0507174149218421,0.21346709004692854,0.0,1.0,0.0,0.0,0.0,0.0,496
-1.453393991923059,0.08010040415894436,0.0,1.0,0.0,0.0,0.0,0.0,382
-0.406434891719895,0.8893112549182984,0.0,0.0,0.0,1.0,0.0,0.0,185
0.9626654700842426,-1.3832664344159975,1.0,0.0,0.0,0.0,0.0,0.0,206
0.5599888930830257,1.2516910478107737,0.0,0.0,0.0,0.0,1.0,0.0,1770
-1.3728586765228157,-0.4567209854843543,0.0,0.0,0.0,0.0,0.0,1.0,411
-0.4869702071201384,-1.1077563722847215,1.0,0.0,0.0,0.0,0.0,0.0,1242
-0.08429363011892142,0.6951318567462057,0.0,0.0,0.0,0.0,0.0,1.0,537
1.1237361008847293,-0.4661217960427059,0.0,0.0,0.0,0.0,1.0,0.0,869
0.4794535776827823,0.2888686120771928,1.0,0.0,0.0,0.0,0.0,0.0,702
1.6069479932861896,0.6005776459850258,0.0,0.0,0.0,1.0,0.0,0.0,542
-1.453393991923059,1.095660997049751,0.0,0.0,0.0,0.0,1.0,0.0,306
1.3653420470854596,0.7469728411115555,0.0,0.0,0.0,1.0,0.0,0.0,826
0.8821301546839992,-1.0987066293405823,0.0,0.0,0.0,1.0,0.0,0.0,343
-1.3728586765228157,-1.390365801725624,0.0,0.0,1.0,0.0,0.0,0.0,909
0.3989182622825389,1.7906968581647267,0.0,0.0,1.0,0.0,0.0,0.0,169
-1.6144646227235457,1.0156565885220366,0.0,0.0,0.0,0.0,0.0,1.0,751
0.5599888930830257,-1.4173199929945905,0.0,0.0,0.0,0.0,1.0,0.0,420
0.23784763148205212,-0.9850387373611772,0.0,1.0,0.0,0.0,0.0,0.0,511
1.3653420470854596,0.8954354344106685,0.0,0.0,0.0,0.0,0.0,1.0,38
-0.24536426091940822,-1.112710326396384,1.0,0.0,0.0,0.0,0.0,0.0,844
0.8015948392837559,0.48928921227972644,0.0,0.0,0.0,0.0,1.0,0.0,964
1.6874833086864331,1.5224421933938383,0.0,0.0,1.0,0.0,0.0,0.0,815
1.4458773624857029,1.2124494900443765,0.0,0.0,0.0,1.0,0.0,0.0,342
-0.406434891719895,-1.1489483056856316,0.0,0.0,0.0,1.0,0.0,0.0,691
0.8015948392837559,0.729653505477082,0.0,0.0,0.0,0.0,0.0,1.0,384
-0.406434891719895,1.3448799956277946,0.0,1.0,0.0,0.0,0.0,0.0,515
-1.0507174149218421,1.787225189535294,0.0,0.0,0.0,0.0,0.0,1.0,212
0.5599888930830257,1.1812434798921718,0.0,0.0,0.0,1.0,0.0,0.0,317
-1.0507174149218421,-0.7972955787829766,1.0,0.0,0.0,0.0,0.0,0.0,85
-0.809111468721112,1.8023210969464227,1.0,0.0,0.0,0.0,0.0,0.0,934
-1.6144646227235457,-0.32686497573849316,0.0,0.0,0.0,1.0,0.0,0.0,1244
0.6405242084832691,-0.05127689858183676,0.0,0.0,0.0,0.0,1.0,0.0,391
-1.3728586765228157,-0.5520163389866489,1.0,0.0,0.0,0.0,0.0,0.0,680
-0.7285761533208686,-0.9583966061937326,0.0,1.0,0.0,0.0,0.0,0.0,650
0.8821301546839992,-1.6498437761412048,0.0,0.0,0.0,0.0,0.0,1.0,1986
-1.6949999381237892,-1.361968332487118,0.0,1.0,0.0,0.0,0.0,0.0,357
-0.3258995763196516,0.5176866815182326,0.0,1.0,0.0,0.0,0.0,0.0,326
0.5599888930830257,0.29354951360002346,0.0,0.0,0.0,0.0,1.0,0.0,566
1.6069479932861896,1.725905379586212,0.0,0.0,0.0,0.0,0.0,1.0,1058
-1.1312527303220854,-1.1276111962440618,0.0,0.0,0.0,0.0,1.0,0.0,761
-0.7285761533208686,-0.140565095129832,1.0,0.0,0.0,0.0,0.0,0.0,509
-0.406434891719895,-1.5816196364459476,0.0,0.0,0.0,1.0,0.0,0.0,825
0.7210595238835125,1.015890633598178,0.0,0.0,0.0,1.0,0.0,0.0,681
-0.406434891719895,-0.7568057806104912,0.0,1.0,0.0,0.0,0.0,0.0,830
-0.9701820995215987,-0.351712761322186,0.0,0.0,0.0,0.0,1.0,0.0,1000
-0.4869702071201384,0.07647270547875058,0.0,0.0,0.0,0.0,0.0,1.0,254
0.15731231608180873,-1.1727038809139974,0.0,0.0,0.0,1.0,0.0,0.0,863
1.3653420470854596,-0.7604724868033753,1.0,0.0,0.0,0.0,0.0,0.0,581
-1.453393991923059,-0.5951976555347619,0.0,0.0,0.0,1.0,0.0,0.0,877
-1.453393991923059,-1.15023555360441,0.0,1.0,0.0,0.0,0.0,0.0,279
-0.809111468721112,-0.2508783410178751,0.0,1.0,0.0,0.0,0.0,0.0,1180
1.2042714162849728,-1.4679907519792328,0.0,0.0,0.0,0.0,0.0,1.0,248
1.3653420470854596,-1.390833891877907,1.0,0.0,0.0,0.0,0.0,0.0,181
-0.7285761533208686,0.33220595867606684,0.0,1.0,0.0,0.0,0.0,0.0,471
0.8821301546839992,-1.666382961521873,0.0,0.0,0.0,1.0,0.0,0.0,433
0.3183829468822955,0.5304421381679462,0.0,1.0,0.0,0.0,0.0,0.0,953
-0.0037583147186780403,1.7668242603982902,0.0,0.0,0.0,0.0,1.0,0.0,290
-0.9701820995215987,0.09164662791526004,0.0,0.0,0.0,0.0,1.0,0.0,835
1.6874833086864331,-1.624410877867158,0.0,0.0,1.0,0.0,0.0,0.0,4
1.3653420470854596,-0.5042321359410857,1.0,0.0,0.0,0.0,0.0,0.0,1502
1.284806731685216,0.15476078344809374,0.0,1.0,0.0,0.0,0.0,0.0,1725
0.23784763148205212,-1.302052792994885,0.0,0.0,0.0,1.0,0.0,0.0,536
0.3989182622825389,1.0427668098417642,0.0,0.0,0.0,0.0,0.0,1.0,989
1.2042714162849728,-0.9667442139094473,0.0,0.0,0.0,0.0,0.0,1.0,994
1.5264126778859464,1.767877463240927,0.0,0.0,1.0,0.0,0.0,0.0,164
0.07677700068156534,0.8305269332940831,0.0,0.0,0.0,0.0,0.0,1.0,189
1.4458773624857029,-1.3435957940100074,0.0,0.0,0.0,1.0,0.0,0.0,959
-1.453393991923059,-0.0023224701555658854,0.0,1.0,0.0,0.0,0.0,0.0,40
-0.16482894551916483,1.3136349779628997,0.0,0.0,0.0,0.0,0.0,1.0,283
0.8821301546839992,1.6802275822259225,0.0,0.0,0.0,0.0,0.0,1.0,280
0.8015948392837559,-0.9601519442647941,0.0,0.0,0.0,0.0,1.0,0.0,367
0.9626654700842426,-1.0414436007112868,0.0,0.0,0.0,0.0,1.0,0.0,707
0.3183829468822955,1.4098275042570703,0.0,0.0,0.0,0.0,1.0,0.0,897
-0.6480408379206252,1.186275449029215,0.0,1.0,0.0,0.0,0.0,0.0,421
0.3989182622825389,0.08634160618938527,1.0,0.0,0.0,0.0,0.0,0.0,995
-0.3258995763196516,1.1741051050698552,0.0,0.0,1.0,0.0,0.0,0.0,271
-1.453393991923059,-0.9449390143155944,0.0,1.0,0.0,0.0,0.0,0.0,890
-1.5339293073233025,1.7031249921751026,1.0,0.0,0.0,0.0,0.0,0.0,836
1.043200785484486,-1.3958268535022598,1.0,0.0,0.0,0.0,0.0,0.0,475
0.15731231608180873,-0.20172887502815293,0.0,0.0,0.0,0.0,1.0,0.0,924
-0.6480408379206252,1.5402296191805949,0.0,0.0,1.0,0.0,0.0,0.0,615
-0.0037583147186780403,1.3976961678104007,0.0,1.0,0.0,0.0,0.0,0.0,112
-0.809111468721112,1.3624723838510997,0.0,0.0,0.0,0.0,0.0,1.0,553
-1.5339293073233025,-0.3506595584795491,0.0,0.0,0.0,1.0,0.0,0.0,221
1.284806731685216,0.9678723854764734,0.0,0.0,0.0,1.0,0.0,0.0,628
1.6874833086864331,-1.1464128173607648,0.0,0.0,0.0,0.0,0.0,1.0,754
-1.211788045722329,-1.3245211203044724,0.0,0.0,1.0,0.0,0.0,0.0,84
-0.16482894551916483,-1.0900079540106553,0.0,0.0,0.0,0.0,0.0,1.0,874
0.3183829468822955,-1.0067659219296496,0.0,0.0,0.0,0.0,1.0,0.0,791
0.8015948392837559,0.5786164163404119,1.0,0.0,0.0,0.0,0.0,0.0,132
1.2042714162849728,-1.5311049075120664,0.0,0.0,1.0,0.0,0.0,0.0,462
0.8015948392837559,0.5515452025333745,0.0,0.0,0.0,0.0,0.0,1.0,405
-0.3258995763196516,1.347415483952661,1.0,0.0,0.0,0.0,0.0,0.0,552
-0.16482894551916483,1.2205240451712593,0.0,0.0,0.0,1.0,0.0,0.0,154
0.23784763148205212,-0.8688353570569055,0.0,1.0,0.0,0.0,0.0,0.0,327
0.8015948392837559,-0.3560425952308044,0.0,0.0,0.0,0.0,0.0,1.0,199
0.8015948392837559,-0.3489432279211778,0.0,0.0,1.0,0.0,0.0,0.0,700
-1.6949999381237892,-0.01617013716060665,0.0,1.0,0.0,0.0,0.0,0.0,403
-0.08429363011892142,-1.4817994114715833,0.0,1.0,0.0,0.0,0.0,0.0,282
-0.7285761533208686,0.22649559928547391,0.0,1.0,0.0,0.0,0.0,0.0,588
1.5264126778859464,-0.39411392761649394,0.0,0.0,0.0,1.0,0.0,0.0,99
-1.6949999381237892,-0.3524148965506106,0.0,0.0,0.0,0.0,0.0,1.0,661
1.043200785484486,1.4745799753228945,0.0,1.0,0.0,0.0,0.0,0.0,947
