ID,Name,Age,Department,Salary,Age_normalized,Salary_normalized
497,Charlie Martinez,45,IT,39866,0.5476190476190477,0.1081599215327857
395,Diana Smith,49,Finance,73108,0.6428571428571428,0.4786722990670873
590,Diana Davis,41,Finance,76486,0.45238095238095244,0.5163231868389082
918,Charlie Jones,58,HR,36971,0.8571428571428572,0.07589250883313459
654,George Rodriguez,26,Marketing,103445,0.09523809523809534,0.8168058047905127
562,Ethan Jones,30,Sales,60841,0.19047619047619047,0.34194540732732204
852,Diana Miller,58,Finance,87326,0.8571428571428572,0.6371448634068592
1474,Bob Garcia,23,Sales,103616,0.023809523809523836,0.818711755592461
397,Fiona Brown,58,IT,64171,0.8571428571428572,0.3790612913652627
556,Diana Rodriguez,38,Operations,76804,0.38095238095238093,0.5198675865758646
35,Bob Rodriguez,28,Finance,111040,0.1428571428571429,0.9014589997659359
965,Fiona Rodriguez,59,Marketing,56819,0.8809523809523809,0.29711655279260807
438,George Williams,26,Operations,34798,0.09523809523809534,0.051672443963931836
706,Alice Brown,47,Marketing,105054,0.5952380952380953,0.8347395757866227
440,Diana Garcia,55,Marketing,59300,0.7857142857142858,0.3247695582875423
238,Ethan Miller,51,IT,40756,0.6904761904761905,0.11807978243181488
540,Bob Davis,37,IT,46905,0.3571428571428572,0.18661598992409634
927,Bob Miller,51,Sales,95794,0.6904761904761905,0.7315284387922292
498,Fiona Brown,56,HR,100067,0.8095238095238095,0.7791549170186918
351,Hannah Williams,46,Marketing,47347,0.5714285714285714,0.19154248264024343
80,Fiona Martinez,50,Marketing,107714,0.6666666666666667,0.8643876993724853
942,John Brown,32,IT,85661,0.23809523809523814,0.6185869213878888
470,George Williams,50,Finance,118789,0.6666666666666667,0.987828665054225
614,Diana Jones,62,Finance,79666,0.9523809523809523,0.5517671842084731
381,Diana Martinez,60,Operations,89474,0.9047619047619047,0.6610862804979993
456,Bob Martinez,45,HR,60911,0.5476190476190477,0.3427256211058973
584,Charlie Williams,47,Finance,43057,0.5952380952380953,0.14372652392469826
862,Alice Miller,52,Finance,48708,0.7142857142857144,0.20671206767797234
647,Alice Rodriguez,34,Operations,53762,0.2857142857142858,0.2630435024911112
873,John Brown,23,Operations,48133,0.023809523809523836,0.20030316878253218
936,Fiona Martinez,56,IT,63380,0.8095238095238095,0.3702448756673614
225,Jane Garcia,28,IT,84253,0.1428571428571429,0.6028934785274023
200,Fiona Johnson,25,Marketing,70390,0.07142857142857151,0.4483777126361195
430,Diana Martinez,42,Finance,77076,0.4761904761904763,0.522899274401186
670,,34,Operations,78868,0.2857142857142858,0.5428727471327144
216,George Martinez,24,IT,59371,0.04761904761904767,0.32556091797724007
998,Alice Garcia,43,IT,59009,0.5,0.3215260981508934
788,Hannah Brown,47,IT,80026,0.5952380952380953,0.5557797122125748
157,Diana Jones,49,Finance,42149,0.6428571428571428,0.13360603662546394
454,George Davis,48,Operations,94041,0.6190476190476191,0.7119896565944783
1963,John Garcia,35,IT,39752,0.30952380952380953,0.10688928766482014
491,Alice Brown,46,Finance,113588,0.5714285714285714,0.9298587813060779
902,Ethan Williams,57,Operations,91001,0.8333333333333333,0.6781060867820641
427,Hannah Miller,37,Sales,89353,0.3571428571428572,0.6597376252521763
106,John Brown,54,Sales,76819,0.7619047619047619,0.5200347752427023
190,Charlie Miller,58,Operations,56160,0.8571428571428572,0.2897713973628775
293,Ethan Smith,59,Finance,60682,0.8809523809523809,0.3401732074588437
469,Charlie Jones,64,Marketing,58602,1.0,0.31698971232403395
531,Diana Garcia,40,HR,117527,0.4285714285714286,0.9737625252176239
396,George Miller,47,HR,96918,0.5952380952380953,0.7440564428939245
925,,59,Operations,36530,0.8809523809523809,0.07097716202811
1617,Diana Johnson,52,IT,92946,0.7142857142857144,0.6997848839153358
1631,Fiona Rodriguez,49,Sales,77701,0.6428571428571428,0.5298654688527514
9,Alice Davis,44,Sales,45398,0.5238095238095237,0.16981910186248173
693,Charlie Miller,35,Sales,40258,0.30952380952380953,0.11252911869280757
1920,Alice Williams,38,Sales,115445,0.38095238095238093,0.9505567382605691
67,George Miller,52,HR,34114,0.7142857142857144,0.044048640756138624
884,Fiona Williams,32,Marketing,43565,0.23809523809523814,0.14938864677493063
249,Alice Jones,53,HR,49201,0.7380952380952381,0.2122070018613672
365,Diana Brown,55,Sales,65262,0.7857142857142858,0.39122148039991533
160,Charlie Smith,54,Finance,101031,0.7619047619047619,0.7898995753407863
686,John Jones,58,Finance,72092,0.8571428571428572,0.46734805336662244
708,Jane Williams,24,HR,63787,0.04761904761904767,0.37478126149422086
893,Fiona Smith,54,Marketing,78563,0.7619047619047619,0.5394732442403505
243,Bob Davis,47,Operations,86549,0.5952380952380953,0.628484490464673
516,Charlie Rodriguez,41,Finance,80979,0.45238095238095244,0.5664017655123218
543,Ethan Garcia,60,HR,119489,0.9047619047619047,0.9956308028399783
358,Hannah Garcia,29,IT,41871,0.16666666666666674,0.13050747333340762
24,Jane Rodriguez,54,Finance,34470,0.7619047619047619,0.0480165851157503
281,Alice Williams,35,IT,86273,0.30952380952380953,0.6254082189948618
639,Ethan Smith,58,Finance,70372,0.8571428571428572,0.44817708623591435
324,Diana Miller,54,HR,54226,0.7619047619047619,0.2682152052519533
576,Hannah Davis,25,Operations,87941,0.07142857142857151,0.6439995987471996
145,Bob Smith,53,HR,74139,0.7380952380952381,0.49016373343438957
676,Alice Miller,42,Sales,46029,0.4761904761904763,0.17685217178078227
738,Ethan Martinez,38,Operations,92812,0.38095238095238093,0.69829133182492
31,Charlie Jones,37,Operations,45577,0.3571428571428572,0.17181421995341006
720,Jane Johnson,23,IT,87418,0.023809523809523836,0.6381702872301297
695,John Smith,22,Sales,111580,0.0,0.9074777917720884
273,John Martinez,23,Finance,78231,0.023809523809523836,0.5357728017476788
663,Hannah Jones,53,IT,45379,0.7380952380952381,0.1696073295511542
276,Fiona Johnson,62,Sales,71323,0.9523809523809523,0.4587768477134163
158,John Williams,46,HR,89189,0.5714285714285714,0.6579096958280855
263,George Miller,59,Operations,118733,0.8809523809523809,0.9872044940313647
393,Hannah Miller,38,Finance,84823,0.38095238095238093,0.6092466478672299
383,George Martinez,27,Operations,59794,0.11904761904761907,0.33027563838205953
349,John Johnson,47,Finance,101308,0.5952380952380953,0.7929869927217201
228,Alice Johnson,61,Finance,44210,0.9285714285714286,0.15657775944894614
627,Ethan Jones,29,HR,61656,0.16666666666666674,0.3510293248921633
1530,Fiona Johnson,52,Sales,35978,0.7142857142857144,0.06482461908848741
422,Fiona Smith,49,Finance,53177,0.6428571428571428,0.2565231444844459
130,Ethan Smith,63,Finance,80115,0.9761904761904763,0.5567716983024777
746,Jane Williams,41,IT,59309,0.45238095238095244,0.3248698714876448
513,Alice Rodriguez,62,Sales,65144,0.9523809523809523,0.3899062628874598
803,Fiona Williams,35,HR,100968,0.30952380952380953,0.7891973829400685
757,John Williams,37,HR,67051,0.3571428571428572,0.4111615153980762
23,George Jones,42,HR,112811,0.4761904761904763,0.9211984083638918
688,Diana Garcia,31,Finance,96077,0.2142857142857143,0.7346827316398978
105,John Johnson,55,Operations,41563,0.7857142857142858,0.1270745327076762
72,Bob Martinez,61,IT,47772,0.9285714285714286,0.1962794948673079
698,Bob Johnson,22,Operations,36256,0.0,0.06792318238054368
864,Diana Miller,30,HR,104905,0.19047619047619047,0.8330788350293694
926,Fiona Davis,56,Marketing,41116,0.8095238095238095,0.12209231043591662
991,Hannah Jones,50,Finance,115751,0.6666666666666667,0.9539673870640555
101,Diana Brown,28,Finance,111889,0.1428571428571429,0.9109218783089423
15,Diana Williams,45,Marketing,109141,0.5476190476190477,0.8802929145442995
802,Hannah Brown,43,HR,52669,0.5,0.25086102163421353
359,Jane Brown,37,IT,107452,0.3571428571428572,0.8614674706583889
922,Fiona Brown,32,Sales,110257,0.23809523809523814,0.8927317513570148
180,Jane Brown,33,HR,66451,0.261904761904762,0.4044739687245734
911,,31,HR,51384,0.2142857142857143,0.2365385258417949
373,John Brown,63,HR,69922,0.9761904761904763,0.44316142623078725
894,Hannah Garcia,41,HR,56390,0.45238095238095244,0.2923349569210535
34,Ethan Miller,58,Operations,58625,0.8571428571428572,0.3172460682798516
58,Bob Garcia,63,Sales,117128,0.9761904761904763,0.9693153066797446
843,Alice Johnson,61,Sales,113457,0.9285714285714286,0.9283986669490298
604,Charlie Brown,42,HR,59725,0.4761904761904763,0.32950657051460674
394,George Brown,40,HR,53312,0.4285714285714286,0.258027842485984
739,Ethan Davis,26,IT,37999,0.09523809523809534,0.0873505054670694
523,Hannah Jones,62,Operations,116205,0.9523809523809523,0.9590276307136727
764,Jane Johnson,25,IT,53252,0.07142857142857151,0.2573590878186337
579,Charlie Jones,52,IT,88712,0.7142857142857144,0.6525930962226507
648,Alice Miller,49,HR,112617,0.6428571428571428,0.9190361016061259
625,Diana Williams,53,HR,55498,0.7380952380952381,0.2823928041997793
42,George Smith,35,IT,84061,0.30952380952380953,0.6007534635918813
259,Ethan Miller,45,HR,98910,0.5476190476190477,0.7662590978499537
545,Charlie Smith,52,IT,75000,0.7142857142857144,0.4997603629108661
374,George Miller,27,IT,109364,0.11904761904761907,0.8827784527246181
437,Fiona Smith,31,Sales,40634,0.2142857142857143,0.11671998127486932
350,Hannah Davis,56,Sales,78244,0.8095238095238095,0.5359176985922715
53,Jane Jones,57,Marketing,99569,0.8333333333333333,0.7736042532796843
371,Hannah Martinez,43,Marketing,102146,0.5,0.802327266242379
846,George Garcia,62,Finance,95633,0.9523809523809523,0.7297339471015059
229,Hannah Johnson,60,Operations,46456,0.9047619047619047,0.18161147583009174
541,John Jones,60,HR,75838,0.9047619047619047,0.5091006364315251
982,Ethan Miller,29,HR,111623,0.16666666666666674,0.9079570659503562
231,George Smith,61,HR,84624,0.9285714285714286,0.6070286115538515
1998,Alice Garcia,43,IT,59009,0.5,0.3215260981508934
227,Ethan Jones,54,Operations,103379,0.7619047619047619,0.8160701746564274
977,John Brown,60,Operations,117489,0.9047619047619047,0.9733389805949688
502,Alice Rodriguez,60,Finance,59956,0.9047619047619047,0.33208127598390536
1723,Ethan Johnson,59,Finance,38329,0.8809523809523809,0.09102865613749594
762,Diana Davis,25,Finance,92424,0.07142857142857151,0.6939667183093883
473,Fiona Jones,52,Sales,79230,0.7142857142857144,0.5469075669590611
316,Hannah Williams,45,Finance,93133,0.5476190476190477,0.7018691692952441
840,Bob Miller,43,Marketing,99184,0.5,0.7693130774975201
408,Jane Martinez,22,Marketing,110354,0.0,0.8938129047358976
778,Hannah Williams,43,Operations,39833,0.5,0.10779210646574305
718,Diana Miller,42,Operations,60254,0.4761904761904763,0.33540275749841175
796,Diana Williams,47,Operations,96707,0.5952380952380953,0.7417046556470759
244,Bob Martinez,23,Marketing,64503,0.023809523809523836,0.3827617338579342
624,Jane Rodriguez,31,Operations,109578,0.2142857142857143,0.885163677704834
810,Hannah Martinez,47,Finance,87714,0.5952380952380953,0.6414694769223911
184,Ethan Garcia,58,Finance,118920,0.8571428571428572,0.989288779411273
876,Hannah Davis,32,Sales,86700,0.23809523809523814,0.6301675230441712
721,Hannah Brown,32,Sales,44472,0.23809523809523814,0.1594979881630424
642,Alice Jones,48,Operations,66751,0.6190476190476191,0.4078177420613248
26,Bob Jones,43,Sales,53196,0.5,0.2567349167957734
36,Fiona Garcia,42,Marketing,54089,0.4761904761904763,0.2666882154281702
928,Ethan Johnson,52,Operations,30282,0.7142857142857144,0.0013375093347005595
37,Charlie Miller,30,HR,66487,0.19047619047619047,0.40487522152498356
66,George Brown,35,Sales,97203,0.30952380952380953,0.7472330275638381
13,Ethan Johnson,57,Sales,98785,0.8333333333333333,0.7648658589596407
506,Jane Rodriguez,53,Operations,72533,0.7380952380952381,0.47226340017164703
90,Bob Brown,32,Operations,55537,0.23809523809523814,0.28282749473355706
307,Jane Smith,56,HR,94612,0.8095238095238095,0.7183539718454286
131,Hannah Miller,34,Finance,37151,0.2857142857142858,0.07789877283518543
829,Ethan Smith,46,Operations,101707,0.5714285714285714,0.7974342112595993
297,Ethan Jones,48,HR,68067,0.6190476190476191,0.42248576109854097
730,Bob Rodriguez,48,Sales,113820,0.6190476190476191,0.932444632686499
970,John Rodriguez,46,Sales,107275,0.5714285714285714,0.8594946443897056
845,Charlie Garcia,63,HR,98673,0.9761904761904763,0.7636175169139201
656,Alice Davis,23,Finance,32023,0.023809523809523836,0.020742540598981285
402,Diana Smith,22,Sales,45422,0.0,0.17008660372942186
119,Charlie Miller,24,IT,117163,0.04761904761904767,0.9697054135690322
640,George Martinez,62,IT,119464,0.9523809523809523,0.9953521550619155
1458,Charlie Johnson,56,HR,33191,0.8095238095238095,0.033760964790066794
722,Jane Rodriguez,60,Sales,33471,0.9047619047619047,0.03688181990436806
287,Diana Rodriguez,38,Operations,49169,0.38095238095238093,0.21185033270544706
142,Alice Brown,50,IT,73596,0.6666666666666667,0.48411150369486955
174,Alice Brown,45,IT,106153,0.5476190476190477,0.8469889321102553
608,Bob Smith,58,Sales,59806,0.8571428571428572,0.33040938931552966
621,Fiona Miller,44,Finance,64196,0.5238095238095237,0.3793399391433253
356,Bob Jones,41,IT,119099,0.45238095238095244,0.9912838975022014
1941,Ethan Miller,29,Sales,41205,0.16666666666666674,0.12308429652581954
697,Charlie Williams,25,Marketing,58854,0.07142857142857151,0.3197984819269051
1649,Jane Williams,50,Finance,39596,0.6666666666666667,0.10515052552970944
710,Bob Jones,22,Finance,105564,0.0,0.8404239904591002
346,Jane Davis,60,Operations,81112,0.9047619047619047,0.567884171691615
986,Alice Smith,54,Sales,30587,0.7619047619047619,0.004737012227064519
671,Alice Martinez,54,HR,53225,0.7619047619047619,0.25705814821832607
150,Diana Rodriguez,63,HR,33654,0.9761904761904763,0.03892152163978646
809,Hannah Garcia,23,Finance,48322,0.023809523809523836,0.20240974598468553
827,Bob Rodriguez,43,Operations,105415,0.5,0.8387632497018469
223,Alice Jones,41,Operations,61007,0.45238095238095244,0.34379562857365775
962,Bob Davis,61,IT,38004,0.9285714285714286,0.08740623502268191
578,Charlie Williams,27,Marketing,116250,0.11904761904761907,0.9595291967141855
906,Diana Martinez,54,Sales,51800,0.7619047619047619,0.24117522486875687
172,John Johnson,54,Sales,67384,0.7619047619047619,0.41487310380187026
580,Jane Jones,40,Finance,73541,0.4285714285714286,0.4834984785831318
75,Diana Garcia,39,Sales,81924,0.40476190476190477,0.5769346515230888
288,George Johnson,54,HR,46163,0.7619047619047619,0.17834572387119785
813,Jane Miller,24,Operations,59055,0.04761904761904767,0.32203881006252855
55,George Jones,25,IT,35704,0.07142857142857151,0.061770639440921093
155,Bob Smith,51,IT,36441,0.6904761904761905,0.06998517593820708
985,Alice Brown,50,IT,39346,0.6666666666666667,0.10236404774908325
1703,Hannah Garcia,52,Finance,114730,0.7142857142857144,0.9425874118079782
630,George Garcia,45,Operations,114899,0.5476190476190477,0.9444710707876816
930,Ethan Brown,35,Marketing,31898,0.30952380952380953,0.019349301708668165
888,Diana Jones,27,IT,80729,0.11904761904761907,0.5636152877316957
14,Charlie Johnson,61,Marketing,39110,0.9285714285714286,0.09973361272417214
236,Diana Miller,44,HR,99249,0.5238095238095237,0.7700375617204829
848,Hannah Smith,27,Marketing,108258,0.11904761904761907,0.8704510750231278
652,Diana Martinez,27,Operations,53705,0.11904761904761907,0.2624081855571284
1696,Fiona Garcia,34,Finance,35469,0.2857142857142858,0.05915135032713248
805,Bob Johnson,49,Marketing,48745,0.6428571428571428,0.207124466389505
951,Charlie Jones,40,HR,72870,0.4285714285714286,0.4760195722199312
789,Bob Davis,48,IT,45892,0.6190476190476191,0.1753251819569991
905,George Williams,24,Finance,63243,0.04761904761904767,0.36871788584357834
149,Ethan Smith,23,IT,93646,0.023809523809523836,0.7075870217010889
51,John Johnson,35,HR,38125,0.30952380952380953,0.08875489026850503
133,Charlie Williams,60,Operations,66378,0.9047619047619047,0.4036603172126305
334,Diana Martinez,43,Sales,93740,0.5,0.7086347373466044
908,Bob Garcia,31,Sales,87828,0.2142857142857143,0.6427401107903565
602,Alice Davis,27,Sales,111942,0.11904761904761907,0.9115126115984351
298,Fiona Rodriguez,55,Sales,72685,0.7857142857142858,0.47395757866226773
260,,32,IT,55592,0.23809523809523814,0.2834405198452947
226,George Davis,62,HR,42323,0.9523809523809523,0.13554542516077978
958,Diana Brown,39,Sales,56170,0.40476190476190477,0.2898828564741025
823,Fiona Miller,31,Finance,63365,0.2142857142857143,0.3700776870005239
152,Charlie Martinez,49,Operations,48743,0.6428571428571428,0.20710217456726
546,Hannah Williams,26,Sales,52168,0.09523809523809534,0.24527692016183866
1541,John Jones,60,HR,75838,0.9047619047619047,0.5091006364315251
368,Fiona Garcia,44,IT,107866,0.5238095238095237,0.8660818778631059
399,Alice Johnson,44,Finance,98828,0.5238095238095237,0.7653451331379084
564,Alice Davis,23,HR,106272,0.023809523809523836,0.8483152955338333
467,John Jones,61,IT,58671,0.9285714285714286,0.31775878019148673
482,Alice Jones,31,HR,71991,0.2142857142857143,0.4662223163432495
577,Charlie Williams,57,Finance,88005,0.8333333333333333,0.6447129370590399
619,John Rodriguez,24,Marketing,98056,0.04761904761904767,0.7567404897513348
807,Alice Rodriguez,35,Finance,64521,0.30952380952380953,0.38296236025813934
704,Charlie Garcia,29,IT,55051,0.16666666666666674,0.2774105819280197
520,Hannah Davis,40,IT,89560,0.4285714285714286,0.6620448288545348
773,Hannah Johnson,42,IT,49675,0.4761904761904763,0.21749016373343444
268,Ethan Martinez,56,Operations,69891,0.8095238095238095,0.4428159029859896
685,Charlie Martinez,44,Operations,79815,0.5238095238095237,0.5534279249657263
847,Charlie Jones,58,Operations,106943,0.8571428571428572,0.8557942018970341
749,Fiona Davis,55,Operations,35105,0.7857142857142858,0.0550942386785408
1973,Alice Johnson,23,IT,30645,0.023809523809523836,0.005383475072169797
125,George Williams,48,Sales,108612,0.6190476190476191,0.8743967275604945
976,Bob Garcia,61,Marketing,60090,0.9285714285714286,0.33357482807432093
919,Fiona Brown,30,Sales,59139,0.19047619047619047,0.32297506659681896
737,Jane Rodriguez,63,Operations,111906,0.9761904761904763,0.9111113587980251
987,Fiona Williams,51,Marketing,42763,0.6904761904761905,0.14044962605468186
1937,Jane Rodriguez,22,Marketing,47071,0.0,0.18846621117043216
186,Ethan Davis,23,Marketing,111571,0.023809523809523836,0.9073774785719859
655,Ethan Jones,46,Marketing,108645,0.5714285714285714,0.8747645426275372
274,Ethan Johnson,56,HR,59301,0.8095238095238095,0.3247807041986648
302,Hannah Williams,49,Marketing,113362,0.6428571428571428,0.9273398053923918
867,George Johnson,61,Sales,60573,0.9285714285714286,0.33895830314649067
114,Charlie Miller,56,HR,54596,0.8095238095238095,0.2723391923672801
447,Hannah Jones,25,Marketing,102930,0.07142857142857151,0.8110656605624227
572,George Jones,43,Finance,53911,0.5,0.2647042432483644
933,Bob Garcia,55,IT,115120,0.7857142857142858,0.9469343171457552
461,Ethan Jones,64,IT,79723,1.0,0.5524025011424559
143,Bob Johnson,57,Operations,53171,0.8333333333333333,0.2564562690177109
291,Ethan Rodriguez,43,Finance,114328,0.5,0.9381067555367313
747,Diana Davis,45,Marketing,45078,0.5476190476190477,0.1662524103032802
91,Fiona Jones,38,HR,107576,0.38095238095238093,0.8628495636375795
622,Diana Garcia,32,Operations,66735,0.23809523809523814,0.4076394074833647
27,Diana Jones,46,Marketing,43669,0.5714285714285714,0.15054782153167112
286,Bob Rodriguez,24,HR,39715,0.04761904761904767,0.1064768889532875
879,Alice Garcia,27,Marketing,48489,0.11904761904761907,0.20427111314214386
969,George Rodriguez,54,Sales,45036,0.7619047619047619,0.16578428203613504
776,Alice Rodriguez,49,Operations,80057,0.6428571428571428,0.5561252354573725
264,Hannah Miller,61,HR,98619,0.9285714285714286,0.7630156377133048
703,Hannah Garcia,52,Finance,114730,0.7142857142857144,0.9425874118079782
725,Fiona Johnson,59,HR,76850,0.8809523809523809,0.5203802984874999
77,Diana Brown,47,Sales,119152,0.5952380952380953,0.9918746307916941
400,Bob Brown,30,Marketing,42411,0.19047619047619047,0.1365262653395602
255,Diana Williams,24,HR,90963,0.04761904761904767,0.6776825421594088
920,Alice Williams,38,Sales,115445,0.38095238095238093,0.9505567382605691
609,Diana Smith,57,Sales,118199,0.8333333333333333,0.9812525774919472
56,,23,Operations,90576,0.023809523809523836,0.6733690745549996
217,Bob Smith,41,HR,81501,0.45238095238095244,0.5722199311182693
673,Fiona Brown,62,Marketing,66727,0.9523809523809523,0.4075502401943847
510,Diana Johnson,44,Marketing,53888,0.5238095238095237,0.26444788729254676
448,John Johnson,37,Sales,44056,0.3571428571428572,0.15486128913608044
5,Alice Smith,29,Operations,95661,0.16666666666666674,0.7300460326129359
696,Fiona Garcia,34,Finance,35469,0.2857142857142858,0.05915135032713248
163,Diana Garcia,34,Marketing,106666,0.2857142857142858,0.8527067845161003
834,George Brown,25,HR,74629,0.07142857142857151,0.49562522988441693
70,Charlie Brown,35,Operations,103297,0.30952380952380953,0.8151562099443819
417,John Miller,37,Sales,100017,0.3571428571428572,0.7785976214625665
597,Diana Rodriguez,34,IT,96912,0.2857142857142858,0.7439895674271895
165,Ethan Miller,24,Marketing,110758,0.04761904761904767,0.8983158528293895
257,Jane Johnson,45,IT,78604,0.5476190476190477,0.5399302265963731
28,Diana Miller,48,Finance,67380,0.6190476190476191,0.41482852015738025
913,George Williams,34,Operations,70846,0.2857142857142858,0.4534602481079816
328,Jane Martinez,63,Sales,82130,0.9761904761904763,0.5792307092143247
871,Fiona Davis,52,Marketing,102055,0.7142857142857144,0.801312988330231
769,,48,Finance,39557,0.6190476190476191,0.10471583499593173
74,John Brown,37,Finance,31367,0.3571428571428572,0.013430822902618156
278,George Davis,54,Sales,112205,0.7619047619047619,0.914443986223654
996,Charlie Miller,54,Sales,101986,0.7619047619047619,0.8005439204627782
110,Jane Smith,56,Finance,89889,0.8095238095238095,0.6657118336138388
533,Bob Garcia,26,IT,89765,0.09523809523809534,0.6643297406346482
1990,John Johnson,57,IT,66116,0.8333333333333333,0.4007400884985344
643,John Jones,38,IT,119822,0.38095238095238093,0.9993423912437722
567,Hannah Rodriguez,58,Sales,73950,0.8571428571428572,0.4880571562322362
329,Hannah Smith,52,IT,102909,0.7142857142857144,0.8108315964288502
672,Hannah Smith,55,Sales,36643,0.7857142857142858,0.07223664998495305
667,Charlie Martinez,46,HR,66060,0.5714285714285714,0.4001159174756741
529,Fiona Garcia,35,Operations,55227,0.30952380952380953,0.27937226228558054
294,Diana Johnson,59,Sales,77864,0.8809523809523809,0.5316822523657196
960,Alice Jones,29,Finance,50095,0.16666666666666674,0.2221714464048864
668,Diana Martinez,43,HR,99122,0.5,0.7686220310079248
558,Diana Jones,28,Marketing,94946,0.1428571428571429,0.722076706160345
896,George Miller,22,Marketing,81578,0.0,0.5730781662747021
997,Charlie Garcia,25,IT,43230,0.07142857142857151,0.14565476654889153
178,Fiona Johnson,45,IT,64084,0.5476190476190477,0.37809159709760476
2,Alice Smith,50,Finance,71235,0.6666666666666667,0.4577960075346359
768,Hannah Brown,24,IT,67481,0.04761904761904767,0.4159542571807533
904,,64,Marketing,81707,1.0,0.5745159888095053
612,Alice Rodriguez,41,Sales,52656,0.45238095238095244,0.2507161247896209
300,John Jones,51,Finance,66035,0.6904761904761905,0.39983726969761146
138,George Rodriguez,44,Sales,84691,0.5238095238095237,0.6077753875990594
415,John Rodriguez,33,HR,91949,0.261904761904762,0.6886724105261985
222,Fiona Miller,40,HR,106329,0.4285714285714286,0.8489506124678161
94,Charlie Martinez,56,HR,65631,0.8095238095238095,0.3953343216041195
677,John Brown,27,IT,44226,0.11904761904761907,0.1567560940269062
388,Alice Brown,37,Finance,39074,0.3571428571428572,0.09933235992376199
892,Alice Garcia,41,HR,94166,0.45238095238095244,0.7133828954847914
353,Charlie Garcia,34,Finance,61822,0.2857142857142858,0.35287954613849914
899,Bob Johnson,59,Finance,36852,0.8809523809523809,0.07456614540955653
8,Jane Brown,40,Marketing,91212,0.4285714285714286,0.6804578740289124
16,Jane Smith,24,Sales,42115,0.04761904761904767,0.1332270756472988
727,Ethan Miller,39,Finance,36397,0.40476190476190477,0.06949475584881687
267,Alice Martinez,46,HR,50103,0.5714285714285714,0.2222606136938664
478,George Johnson,47,Operations,77684,0.5952380952380953,0.5296759883636688
653,Jane Martinez,39,Sales,97364,0.40476190476190477,0.7490275192545615
332,Alice Rodriguez,45,IT,35656,0.5476190476190477,0.06123563570704088
820,Ethan Miller,46,Operations,54259,0.5714285714285714,0.26858302031899595
853,Ethan Garcia,54,Marketing,60651,0.7619047619047619,0.3398276842140461
952,Diana Brown,35,Sales,82756,0.30952380952380953,0.5862080495770127
64,Ethan Garcia,31,Operations,55923,0.2142857142857143,0.2871298164268439
971,Bob Miller,38,Marketing,79416,0.38095238095238093,0.5489807064278469
772,Bob Johnson,40,IT,64742,0.4285714285714286,0.38542560661621283
664,Ethan Miller,32,Operations,89664,0.23809523809523814,0.6632040036112752
265,Ethan Johnson,41,Marketing,59328,0.45238095238095244,0.3250816437989723
599,George Johnson,46,HR,38894,0.5714285714285714,0.09732609592171115
479,Ethan Miller,29,Finance,60111,0.16666666666666674,0.33380889220789356
431,Fiona Smith,60,Finance,83420,0.9047619047619047,0.5936089345623559
828,Diana Rodriguez,47,HR,37521,0.5952380952380953,0.08202275995051217
44,John Johnson,47,Finance,61890,0.5952380952380953,0.35363746809482943
866,Charlie Garcia,52,Finance,39283,0.7142857142857144,0.10166185534836547
211,John Brown,54,Marketing,62117,0.7619047619047619,0.35616758991963804
355,,57,Sales,70108,0.8333333333333333,0.4452345656995731
209,Diana Brown,32,Finance,34358,0.23809523809523814,0.04676824307002975
441,,52,IT,119881,0.7142857142857144,1.0
484,John Johnson,55,Marketing,90920,0.7857142857142858,0.677203267981141
750,Alice Martinez,27,Sales,32839,0.11904761904761907,0.029837604074945123
983,George Smith,63,Operations,76305,0.9761904761904763,0.5143057769257348
472,Diana Davis,33,Sales,53472,0.261904761904762,0.2598111882655848
250,Ethan Garcia,30,Sales,88576,0.19047619047619047,0.6510772523099901
201,John Jones,32,HR,53711,0.23809523809523814,0.2624750610238634
954,Diana Jones,25,Marketing,31283,0.07142857142857151,0.012494566368327797
1285,Jane Miller,28,Operations,95061,0.1428571428571429,0.7233584859394331
459,John Smith,54,Operations,63160,0.7619047619047619,0.36779277522041043
486,John Miller,28,Finance,66224,0.1428571428571429,0.4019438468997648
806,Jane Williams,44,IT,58228,0.5238095238095237,0.31282114156421714
159,Diana Williams,60,HR,51675,0.9047619047619047,0.2397819859784438
348,Ethan Johnson,63,Marketing,80200,0.9761904761904763,0.5577191007478907
406,John Smith,46,Finance,101229,0.5714285714285714,0.7921064657430421
775,Charlie Brown,39,IT,47015,0.40476190476190477,0.1878420401475719
386,Bob Martinez,56,Finance,80331,0.8095238095238095,0.5591792151049387
633,Ethan Williams,49,Operations,40805,0.6428571428571428,0.11862593207681765
347,George Smith,50,HR,53429,0.6666666666666667,0.25933191408731704
1110,Jane Smith,56,Finance,89889,0.8095238095238095,0.6657118336138388
107,Fiona Williams,44,IT,103770,0.5238095238095237,0.8204282259053266
122,Jane Johnson,47,Operations,38906,0.5952380952380953,0.09745984685518116
634,Jane Brown,57,Marketing,65851,0.8333333333333333,0.3977864220510706
538,Alice Brown,57,IT,94379,0.8333333333333333,0.715756974553885
60,Diana Johnson,50,IT,57208,0.6666666666666667,0.3014523122192624
1878,Hannah Brown,36,Sales,36823,0.33333333333333337,0.07424291398700389
466,Hannah Smith,54,IT,50281,0.7619047619047619,0.22424458587367224
705,Hannah Davis,60,HR,57386,0.9047619047619047,0.3034362843990682
1413,Alice Martinez,50,IT,106373,0.6666666666666667,0.8494410325572064
487,Jane Smith,25,Marketing,37788,0.07142857142857151,0.08499871822022093
645,Diana Jones,54,Operations,84341,0.7619047619047619,0.6038743187061827
182,Jane Miller,23,Operations,61910,0.023809523809523836,0.35386038631727956
585,Ethan Garcia,40,Sales,94028,0.4285714285714286,0.7118447597498858
808,,45,Sales,56928,0.5476190476190477,0.298331457104961
323,George Smith,44,Finance,108222,0.5238095238095237,0.8700498222227175
398,George Rodriguez,47,Operations,71779,0.5952380952380953,0.46385938318527853
524,John Williams,40,Sales,36910,0.4285714285714286,0.0752126082546618
856,Jane Brown,27,HR,46994,0.11904761904761907,0.18760797601399926
1595,Hannah Williams,22,Sales,57044,0.0,0.29962438279517156
724,George Brown,55,Operations,64865,0.7857142857142858,0.3867965536842809
410,Bob Smith,60,Marketing,57605,0.9047619047619047,0.3058772389348967
1838,George Smith,39,Operations,80669,0.40476190476190477,0.5629465330643454
333,Jane Jones,53,IT,104520,0.7380952380952381,0.8287876592472052
755,Diana Garcia,32,IT,47069,0.23809523809523814,0.18844391934818716
748,John Johnson,26,Operations,86614,0.09523809523809534,0.6292089746876358
173,Hannah Brown,63,Operations,111929,0.9761904761904763,0.9113677147538426
49,Hannah Rodriguez,29,Sales,108916,0.16666666666666674,0.8777850845417359
818,Fiona Davis,56,HR,37345,0.8095238095238095,0.08006107959295133
116,Alice Johnson,56,IT,94106,0.8095238095238095,0.7127141408174411
220,Fiona Jones,47,Finance,47625,0.5952380952380953,0.1946410459322997
600,Fiona Williams,54,HR,48037,0.7619047619047619,0.19923316131477165
292,Hannah Rodriguez,51,IT,65585,0.6904761904761905,0.39482160969248437
360,Hannah Johnson,35,Marketing,104270,0.30952380952380953,0.8260011814665791
594,George Martinez,60,Finance,33754,0.9047619047619047,0.040036112752036945
492,Charlie Garcia,42,Sales,46531,0.4761904761904763,0.18244741916427965
742,Charlie Garcia,31,Marketing,32096,0.2142857142857143,0.021556192110924133
723,Ethan Johnson,59,Finance,38329,0.8809523809523809,0.09102865613749594
732,Ethan Davis,59,HR,53284,0.8809523809523809,0.25771575697455384
136,Ethan Rodriguez,51,IT,43467,0.6904761904761905,0.14829634748492515
224,Bob Johnson,53,Marketing,69532,0.7380952380952381,0.43881452089301043
900,Charlie Martinez,58,Finance,32551,0.8571428571428572,0.026627581671663736
629,Diana Johnson,33,Marketing,67900,0.261904761904762,0.42062439394108275
972,Bob Garcia,54,Sales,39587,0.7619047619047619,0.10505021232960687
146,Hannah Brown,28,HR,78713,0.1428571428571429,0.5411451309087262
232,Alice Martinez,22,Finance,40106,0.0,0.11083494020218682
57,Diana Johnson,27,Finance,103384,0.11904761904761907,0.8161259042120399
30,Bob Miller,49,HR,77414,0.6428571428571428,0.5266665923605925
992,Charlie Williams,59,Operations,55556,0.8809523809523809,0.2830392670448846
699,Diana Davis,61,Finance,106256,0.9285714285714286,0.8481369609558733
460,Fiona Jones,54,Sales,94641,0.7619047619047619,0.7186772032679811
777,Fiona Miller,63,Operations,62591,0.9761904761904763,0.36145075179170527
429,Hannah Brown,47,HR,46052,0.5952380952380953,0.1771085277365998
442,Alice Smith,31,Marketing,40749,0.2142857142857143,0.11800176105395738
817,Ethan Garcia,59,Marketing,36304,0.8809523809523809,0.06845818611442395
842,Charlie Martinez,29,IT,43140,0.16666666666666674,0.14465163454786611
532,Diana Garcia,37,Finance,47153,0.3571428571428572,0.18938017588247757
522,Hannah Martinez,33,Finance,91558,0.261904761904762,0.6843143592772991
1877,John Brown,25,Marketing,57624,0.07142857142857151,0.30608901124622434
233,,32,IT,98008,0.23809523809523814,0.7562054860174545
1493,Diana Williams,57,Operations,118340,0.8333333333333333,0.9828241509602202
435,Bob Davis,58,Operations,83744,0.8571428571428572,0.5972202097660474
364,John Jones,49,IT,85099,0.6428571428571428,0.6123229193370412
601,Bob Miller,59,Finance,113986,0.8809523809523809,0.9342948539328348
838,George Smith,39,Operations,80669,0.40476190476190477,0.5629465330643454
86,Ethan Jones,45,Marketing,109973,0.5476190476190477,0.8895663125982234
675,Jane Davis,22,Finance,95697,0.0,0.7304472854133461
321,Charlie Garcia,42,Finance,70461,0.4761904761904763,0.44916907232581726
607,Jane Martinez,32,Operations,86447,0.23809523809523814,0.6273476075301776
120,George Miller,22,IT,69310,0.0,0.4363401286238143
616,Diana Johnson,36,IT,68787,0.33333333333333337,0.43051081710674444
156,Alice Johnson,32,Sales,54611,0.23809523809523814,0.2725063810341176
937,Jane Rodriguez,22,Marketing,47071,0.0,0.18846621117043216
463,Bob Rodriguez,33,Sales,36172,0.261904761904762,0.06698692584625332
144,Diana Williams,34,Finance,116365,0.2857142857142858,0.9608109764932735
380,Charlie Brown,26,Sales,67846,0.09523809523809534,0.4200225147404675
476,Ethan Johnson,44,Marketing,55431,0.5238095238095237,0.2816460281545715
527,Bob Smith,28,IT,64964,0.1428571428571429,0.38789999888540894
117,Fiona Garcia,58,IT,99967,0.8571428571428572,0.7780403259064412
766,Jane Miller,24,Marketing,31431,0.04761904761904767,0.014144161214458495
587,Hannah Johnson,24,Sales,54858,0.04761904761904767,0.27525942108137635
620,Bob Martinez,37,Sales,33081,0.3571428571428572,0.032534914566591244
253,Alice Jones,40,HR,30661,0.4285714285714286,0.0055618096501298675
251,Fiona Davis,62,Finance,39686,0.9523809523809523,0.10615365753073486
743,Hannah Miller,38,Marketing,55279,0.38095238095238093,0.2799518496639508
171,Charlie Smith,58,Finance,82249,0.8571428571428572,0.5805570726379028
646,Fiona Johnson,41,IT,42087,0.45238095238095244,0.13291499013586866
62,Hannah Williams,47,Finance,96024,0.5952380952380953,0.7340919983504053
241,Jane Smith,28,Operations,34255,0.1428571428571429,0.04562021422441176
841,Fiona Johnson,55,Sales,77945,0.7857142857142858,0.5325850711666426
715,George Jones,44,Marketing,79811,0.5238095238095237,0.5533833413212363
103,Bob Smith,29,IT,41556,0.16666666666666674,0.12699651132981865
1130,Ethan Smith,63,Finance,80115,0.9761904761904763,0.5567716983024777
557,Ethan Martinez,59,Sales,106971,0.8809523809523809,0.8561062874084642
684,Bob Martinez,24,Marketing,108229,0.04761904761904767,0.870127843600575
814,Ethan Jones,44,IT,72891,0.5238095238095237,0.4762536363535037
305,Hannah Garcia,40,Finance,34437,0.4285714285714286,0.047648770048707656
736,Ethan Davis,51,IT,100553,0.6904761904761905,0.784571829824229
752,George Garcia,34,HR,73619,0.2857142857142858,0.4843678596506872
269,Diana Williams,46,Sales,40754,0.5714285714285714,0.11805749060956988
71,Hannah Martinez,44,IT,55426,0.5238095238095237,0.281590298598959
756,George Williams,44,Sales,37531,0.5238095238095237,0.08213421906173723
1623,Ethan Miller,33,Finance,110102,0.261904761904762,0.8910041351330265
344,Hannah Johnson,30,Finance,41138,0.19047619047619047,0.1223375204806117
770,John Martinez,50,Operations,104971,0.6666666666666667,0.8338144651634549
613,Alice Johnson,39,Operations,85147,0.40476190476190477,0.6128579230709215
501,John Davis,39,HR,58138,0.40476190476190477,0.3118180095631917
975,Diana Martinez,61,Marketing,111835,0.9285714285714286,0.9103199991083271
320,Diana Davis,54,Operations,61750,0.7619047619047619,0.35207704053767874
875,Jane Jones,49,HR,30781,0.6428571428571428,0.006899318984830427
1200,Fiona Johnson,25,Marketing,70390,0.07142857142857151,0.4483777126361195
48,Fiona Johnson,28,Marketing,72287,0.1428571428571429,0.4695215060355109
944,Hannah Jones,58,Marketing,32591,0.8571428571428572,0.02707341811656394
539,Bob Garcia,44,Finance,87866,0.5238095238095237,0.6431636554130118
432,Charlie Jones,57,Operations,30671,0.8333333333333333,0.005673268761354877
93,Diana Johnson,56,Finance,36471,0.8095238095238095,0.07031955327188222
885,Charlie Jones,29,HR,50354,0.16666666666666674,0.22505823738561515
741,Ethan Rodriguez,25,Marketing,72963,0.07142857142857151,0.4770561419543241
246,Fiona Williams,33,HR,75113,0.261904761904762,0.5010198508677092
779,George Miller,42,Marketing,37896,0.4761904761904763,0.08620247662145142
354,Hannah Brown,28,IT,76659,0.1428571428571429,0.5182514294631014
434,Bob Smith,51,Sales,71424,0.6904761904761905,0.45990258473678935
956,Charlie Davis,63,IT,31125,0.9761904761904763,0.010733512410972035
687,Alice Brown,58,Finance,92539,0.8571428571428572,0.6952484980884763
617,Diana Johnson,52,IT,92946,0.7142857142857144,0.6997848839153358
719,Hannah Smith,35,IT,114045,0.30952380952380953,0.9349524626890626
424,Alice Jones,51,HR,35542,0.6904761904761905,0.05996500183907533
330,Bob Smith,24,IT,85249,0.04761904761904767,0.6139948060054169
195,Diana Rodriguez,23,Finance,71621,0.023809523809523836,0.4620983292279227
787,Charlie Rodriguez,35,IT,48681,0.30952380952380953,0.2064111280776647
711,Diana Jones,26,IT,107984,0.09523809523809534,0.8673970953755614
446,Charlie Johnson,26,IT,51223,0.09523809523809534,0.2347440341510717
598,John Williams,49,Finance,38706,0.6428571428571428,0.09523066463068025
912,Alice Smith,23,Marketing,51038,0.023809523809523836,0.23268204059340836
554,Fiona Martinez,30,HR,32461,0.19047619047619047,0.025624449670638316
978,John Martinez,27,Marketing,82142,0.11904761904761907,0.5793644601477947
631,Fiona Rodriguez,49,Sales,77701,0.6428571428571428,0.5298654688527514
963,John Garcia,35,IT,39752,0.30952380952380953,0.10688928766482014
948,George Brown,42,Finance,84400,0.4761904761904763,0.6045319274624105
793,,51,Sales,44289,0.6904761904761905,0.15745828642762405
147,Ethan Brown,43,Operations,59734,0.5,0.32960688371470925
665,Bob Martinez,42,Finance,57766,0.4761904761904763,0.30767173062562003
534,,56,Finance,69071,0.8095238095238095,0.4336762558655357
816,John Miller,39,HR,36588,0.40476190476190477,0.07162362487321527
11,Hannah Brown,32,Sales,36638,0.23809523809523814,0.07218092042934049
234,Ethan Miller,49,Operations,102240,0.6428571428571428,0.8033749818878944
115,Hannah Brown,22,Sales,63174,0.0,0.36794881797612544
499,Hannah Miller,56,IT,94027,0.8095238095238095,0.7118336138387633
416,Alice Davis,47,IT,92646,0.5952380952380953,0.6964411105785844
235,Alice Williams,46,IT,94315,0.5714285714285714,0.7150436362420447
957,Fiona Davis,46,IT,97065,0.5714285714285714,0.7456948918289326
780,John Martinez,27,Marketing,62972,0.11904761904761907,0.36569734392937947
18,George Martinez,23,Finance,52911,0.023809523809523836,0.25355833212585965
485,Jane Miller,62,Marketing,93530,0.9523809523809523,0.7062940960108783
812,Diana Williams,28,IT,92292,0.1428571428571429,0.6924954580412177
247,Jane Rodriguez,26,Sales,104069,0.09523809523809534,0.8237608533309555
798,Charlie Smith,22,Operations,95428,0.0,0.7274490353213923
45,Alice Miller,23,Marketing,109134,0.023809523809523836,0.880214893166442
786,Hannah Garcia,55,HR,70785,0.7857142857142858,0.4527803475295088
372,Ethan Smith,43,Finance,101966,0.5,0.8003210022403282
239,Fiona Martinez,63,IT,98011,0.9761904761904763,0.756238923750822
285,Jane Miller,28,Operations,95061,0.1428571428571429,0.7233584859394331
457,Charlie Martinez,33,Marketing,62784,0.261904761904762,0.3636019126383486
690,Fiona Williams,40,Operations,67861,0.4285714285714286,0.420189703407305
1674,Ethan Rodriguez,56,IT,41005,0.8095238095238095,0.12085511430131857
870,Jane Smith,45,IT,35774,0.5476190476190477,0.06255085321949644
465,George Smith,22,IT,119097,0.0,0.9912616056799564
87,Fiona Garcia,22,IT,93449,0.0,0.7053912772099555
426,George Martinez,33,Finance,52740,0.261904761904762,0.2516523813239113
261,Fiona Smith,29,Sales,58982,0.16666666666666674,0.32122515855058575
745,Jane Brown,38,Operations,49715,0.38095238095238093,0.2179360001783346
980,Ethan Brown,24,Sales,48888,0.04761904761904767,0.20871833168002318
547,Ethan Davis,56,Finance,100119,0.8095238095238095,0.779734504397062
868,Fiona Miller,58,Sales,108707,0.8571428571428572,0.8754555891171325
6,Jane Jones,42,Operations,75272,0.4761904761904763,0.5027920507361875
683,Diana Brown,59,Operations,85506,0.8809523809523809,0.6168593051639006
938,Ethan Williams,61,HR,50074,0.9285714285714286,0.22193738227131377
797,Ethan Johnson,57,HR,107454,0.8333333333333333,0.8614897624806339
735,Jane Brown,36,Operations,55122,0.33333333333333337,0.2782019416177176
362,Jane Garcia,44,Finance,58179,0.5238095238095237,0.3122749919192145
177,Hannah Brown,53,Finance,101831,0.7380952380952381,0.7988163042387901
548,,44,Finance,68714,0.5238095238095237,0.42969716559480153
389,George Garcia,34,Sales,36406,0.2857142857142858,0.06959506904891943
860,Ethan Rodriguez,32,IT,67823,0.23809523809523814,0.41976615878464985
311,Bob Jones,50,IT,117468,0.6666666666666667,0.9731049164613961
914,Jane Miller,61,HR,117983,0.9285714285714286,0.9788450606894861
52,George Garcia,38,IT,66059,0.38095238095238093,0.4001047715645516
623,Ethan Miller,33,Finance,110102,0.261904761904762,0.8910041351330265
637,Fiona Martinez,49,HR,43944,0.6428571428571428,0.15361294709035989
277,Ethan Johnson,57,IT,48752,0.8333333333333333,0.2072024877673625
535,Charlie Williams,33,Finance,99519,0.261904761904762,0.7730469577235592
312,Hannah Davis,27,HR,64594,0.11904761904761907,0.38377601177008214
713,George Rodriguez,51,Marketing,75253,0.6904761904761905,0.5025802784248599
444,Bob Miller,53,HR,67487,0.7380952380952381,0.4160211326474883
932,Diana Williams,30,Operations,36629,0.19047619047619047,0.07208060722923798
196,Hannah Rodriguez,47,Sales,107231,0.5952380952380953,0.8590042243003155
734,Hannah Miller,45,Marketing,113369,0.5476190476190477,0.9274178267702493
641,Ethan Miller,57,Marketing,45379,0.8333333333333333,0.1696073295511542
303,,54,IT,95450,0.7619047619047619,0.7276942453660875
455,Fiona Miller,41,Operations,83352,0.45238095238095244,0.5928510126060255
242,Fiona Jones,37,Finance,44484,0.3571428571428572,0.15963173909651246
21,Fiona Smith,59,Marketing,31969,0.8809523809523809,0.02014066139836601
666,Ethan Davis,47,Finance,98099,0.5952380952380953,0.7572197639296026
966,Jane Martinez,54,Marketing,54217,0.7619047619047619,0.2681148920518508
385,Hannah Martinez,51,IT,100984,0.6904761904761905,0.7893757175180285
121,Jane Davis,26,Marketing,86088,0.09523809523809534,0.6233462254371984
3,Fiona Garcia,36,HR,65057,0.33333333333333337,0.38893656861980186
129,Hannah Rodriguez,47,Operations,36012,0.5952380952380953,0.06520358006665256
207,Jane Brown,27,HR,116936,0.11904761904761907,0.9671752917442236
901,Bob Brown,32,HR,101947,0.23809523809523814,0.8001092299290005
573,Alice Rodriguez,38,Sales,85533,0.38095238095238093,0.6171602447642083
135,,25,Sales,102430,0.07142857142857151,0.8054927050011704
256,Diana Williams,41,Marketing,72828,0.45238095238095244,0.4755514439527859
214,Hannah Miller,37,Operations,85754,0.3571428571428572,0.6196234911222818
205,Charlie Jones,26,Marketing,87784,0.09523809523809534,0.6422496907009664
949,Charlie Davis,58,Operations,55150,0.8571428571428572,0.27851402712914763
139,Fiona Johnson,60,Operations,94157,0.9047619047619047,0.7132825822846889
512,Alice Smith,56,IT,91063,0.8095238095238095,0.6787971332716594
63,Hannah Garcia,55,IT,69882,0.7857142857142858,0.4427155897858871
530,Fiona Johnson,52,Sales,35978,0.7142857142857144,0.06482461908848741
92,Bob Miller,29,HR,52612,0.16666666666666674,0.25022570470023076
335,Jane Davis,44,Finance,94309,0.5238095238095237,0.7149767607753097
611,Charlie Smith,40,HR,95095,0.4285714285714286,0.7237374469175983
252,Jane Williams,56,Operations,83363,0.8095238095238095,0.5929736176283731
782,John Garcia,26,HR,71800,0.09523809523809534,0.46409344731885105
188,John Brown,49,Operations,98576,0.6428571428571428,0.7625363635350373
123,Diana Brown,35,Operations,66914,0.30952380952380953,0.40963452557429314
363,Ethan Davis,36,Sales,82188,0.33333333333333337,0.57987717205943
910,Jane Smith,44,Finance,36710,0.5238095238095237,0.07298342603016084
445,John Rodriguez,22,Operations,63361,0.0,0.3700331033560339
187,John Smith,23,Sales,95481,0.023809523809523836,0.728039768610885
568,Jane Miller,59,Finance,86849,0.8809523809523809,0.6318282638014244
549,Ethan Garcia,50,HR,84093,0.6666666666666667,0.6011101327478015
649,Jane Williams,50,Finance,39596,0.6666666666666667,0.10515052552970944
907,Charlie Smith,27,HR,105939,0.11904761904761907,0.8446037071300394
837,Charlie Williams,62,HR,97169,0.9523809523809523,0.7468540665856731
889,Fiona Garcia,47,Marketing,71971,0.5952380952380953,0.4659993981207994
658,Charlie Miller,51,Marketing,110073,0.6904761904761905,0.8906809037104739
490,Fiona Williams,57,Sales,106816,0.8333333333333333,0.8543786711844761
494,Hannah Johnson,31,HR,74857,0.2142857142857143,0.49816649762034804
603,John Jones,53,Operations,81612,0.7380952380952381,0.5734571272528673
943,Fiona Williams,62,Marketing,35906,0.9523809523809523,0.06402211348766707
940,Fiona Johnson,50,Sales,69901,0.6666666666666667,0.4429273620972146
589,Charlie Rodriguez,49,Marketing,74638,0.6428571428571428,0.49572554308451944
319,George Miller,56,IT,82290,0.8095238095238095,0.5810140549939254
1249,Alice Jones,53,HR,49201,0.7380952380952381,0.2122070018613672
682,John Smith,26,HR,35997,0.09523809523809534,0.06503639139981499
275,Bob Rodriguez,37,Marketing,92711,0.3571428571428572,0.6971655948015472
550,Jane Davis,64,Marketing,85419,1.0,0.6158896108962427
632,Alice Davis,29,Sales,49033,0.16666666666666674,0.21033448879278638
503,Jane Johnson,53,Operations,106295,0.7380952380952381,0.8485716514896511
304,Diana Jones,26,Finance,40382,0.09523809523809534,0.11391121167199814
606,John Martinez,42,HR,39496,0.4761904761904763,0.10403593441745895
765,Fiona Davis,46,IT,110797,0.5714285714285714,0.8987505433631673
941,Ethan Miller,29,Sales,41205,0.16666666666666674,0.12308429652581954
850,Jane Miller,55,Sales,99286,0.7857142857142858,0.7704499604320156
161,John Martinez,22,Operations,72668,0.0,0.4737680981731852
314,Hannah Williams,62,Marketing,90631,0.9523809523809523,0.6739820996667374
61,Ethan Williams,39,Operations,115150,0.40476190476190477,0.9472686944794302
203,Ethan Davis,59,IT,104696,0.8809523809523809,0.830749339604766
296,Alice Rodriguez,48,Finance,85114,0.6190476190476191,0.6124901080038788
299,Jane Smith,42,Sales,48073,0.4761904761904763,0.1996344141151819
794,Ethan Johnson,64,Marketing,37927,1.0,0.08654799986624906
366,Hannah Jones,23,Operations,108213,0.023809523809523836,0.869949509022615
872,Ethan Miller,27,IT,40983,0.11904761904761907,0.12060990425662349
945,Hannah Williams,35,Sales,92987,0.30952380952380953,0.7002418662713583
916,Ethan Davis,41,Operations,67991,0.45238095238095244,0.4216386718532307
923,George Davis,36,IT,114742,0.33333333333333337,0.9427211627414482
915,Bob Smith,23,Marketing,97821,0.023809523809523836,0.7541212006375462
822,George Brown,49,Operations,45352,0.6428571428571428,0.16930638995084657
857,Ethan Brown,27,Finance,97263,0.11904761904761907,0.7479017822311884
39,Alice Garcia,39,Operations,80138,0.40476190476190477,0.5570280542582954
493,Diana Williams,57,Operations,118340,0.8333333333333333,0.9828241509602202
974,Hannah Williams,35,IT,60930,0.30952380952380953,0.34293739341722496
170,Ethan Jones,30,Finance,39435,0.19047619047619047,0.10335603383898617
41,Charlie Martinez,46,IT,67208,0.5714285714285714,0.4129114234443094
377,John Miller,58,HR,79841,0.8571428571428572,0.5537177186549115
855,George Miller,42,Operations,78777,0.4761904761904763,0.5418584692205665
692,Ethan Garcia,42,Marketing,73934,0.4761904761904763,0.4878788216542761
678,Alice Martinez,49,Sales,93646,0.6428571428571428,0.7075870217010889
946,George Johnson,51,Finance,93370,0.6904761904761905,0.7045107502312777
605,Fiona Brown,37,Marketing,35926,0.3571428571428572,0.06424503171011714
644,George Davis,30,HR,35110,0.19047619047619047,0.0551499682341533
1060,Diana Johnson,50,IT,57208,0.6666666666666667,0.3014523122192624
717,Alice Williams,58,Marketing,113930,0.8571428571428572,0.9336706829099746
409,Ethan Miller,37,IT,56715,0.3571428571428572,0.2959573780358675
127,Ethan Rodriguez,36,IT,76881,0.33333333333333337,0.5207258217322975
341,John Williams,38,Sales,67685,0.38095238095238093,0.41822802304974427
507,,58,IT,58270,0.8571428571428572,0.3132892698313624
854,Jane Rodriguez,43,HR,100202,0.5,0.7806596150202298
54,Diana Johnson,61,HR,47087,0.9285714285714286,0.18864454574839218
370,George Miller,46,IT,90545,0.5714285714285714,0.6730235513102019
657,Hannah Garcia,31,Finance,89796,0.2142857142857143,0.6646752638794458
733,Bob Brown,54,Finance,91330,0.7619047619047619,0.681773091541368
176,John Smith,53,Finance,61401,0.7380952380952381,0.3481871175559246
878,Hannah Brown,36,Sales,36823,0.33333333333333337,0.07424291398700389
618,Alice Martinez,22,HR,51727,0.0,0.24036157335681407
46,George Smith,41,Marketing,77055,0.45238095238095244,0.5226652102676134
237,Jane Miller,52,Sales,100587,0.7142857142857144,0.7849507908023943
712,Hannah Smith,51,IT,89792,0.6904761904761905,0.6646306802349558
968,George Smith,36,Finance,62994,0.33333333333333337,0.3659425539740746
981,Hannah Rodriguez,28,Marketing,73732,0.1428571428571429,0.48562734760753024
83,Charlie Smith,46,HR,113360,0.5714285714285714,0.9273175135701468
1439,Jane Brown,57,Sales,52420,0.8333333333333333,0.2480856897647098
137,Charlie Miller,58,Sales,61010,0.8571428571428572,0.34382906630702526
7,Hannah Garcia,60,Sales,119393,0.9047619047619047,0.9945607953722178
68,Bob Davis,36,Operations,94965,0.33333333333333337,0.7222884784716728
301,Jane Garcia,54,Finance,94977,0.7619047619047619,0.7224222294051428
449,Charlie Smith,45,IT,58380,0.5476190476190477,0.31451532005483784
284,Charlie Smith,29,Marketing,40699,0.16666666666666674,0.1174444654978321
25,John Davis,33,Finance,40225,0.261904761904762,0.11216130362576487
831,Ethan Miller,34,Finance,48474,0.2857142857142858,0.20410392447530623
610,Diana Rodriguez,56,Marketing,71321,0.8095238095238095,0.4587545558911713
999,Jane Brown,23,Finance,100969,0.023809523809523836,0.789208528851191
709,John Johnson,33,Sales,51621,0.261904761904762,0.23918010677782853
662,Charlie Brown,39,Finance,67804,0.40476190476190477,0.4195543864733223
967,Ethan Jones,44,IT,118708,0.5238095238095237,0.9869258462533019
79,John Davis,62,HR,39108,0.9523809523809523,0.09971132090192714
266,Charlie Garcia,56,Sales,76479,0.8095238095238095,0.5162451654610506
744,Jane Rodriguez,31,IT,56201,0.2142857142857143,0.29022837971890014
811,Alice Garcia,35,Operations,117896,0.30952380952380953,0.9778753664218283
865,Jane Jones,24,Finance,93870,0.04761904761904767,0.71008370579253
781,Diana Johnson,22,IT,79733,0.0,0.5525139602536809
413,Alice Martinez,50,IT,106373,0.6666666666666667,0.8494410325572064
258,Jane Brown,54,Operations,40526,0.7619047619047619,0.11551622287363883
508,John Davis,33,IT,108815,0.261904761904762,0.8766593475183628
792,Diana Johnson,43,IT,60682,0.5,0.3401732074588437
861,Charlie Garcia,51,Finance,93878,0.6904761904761905,0.71017287308151
929,Charlie Brown,26,IT,109473,0.09523809523809534,0.8839933570369709
984,Alice Martinez,36,HR,76037,0.33333333333333337,0.5113186727449035
917,Jane Williams,22,Operations,109057,0.0,0.879356658010009
352,Jane Rodriguez,45,Finance,46920,0.5476190476190477,0.18678317859093396
481,George Martinez,47,Sales,52614,0.5952380952380953,0.25024799652247576
881,George Garcia,59,Marketing,59118,0.8809523809523809,0.32274100246324633
800,Fiona Rodriguez,56,Operations,107465,0.8095238095238095,0.8616123675029816
134,Fiona Jones,53,Operations,72652,0.7380952380952381,0.4735897635952251
309,Hannah Brown,49,Operations,42329,0.6428571428571428,0.13561230062751478
414,George Williams,24,Sales,99252,0.04761904761904767,0.7700709994538504
1403,Diana Brown,22,HR,72468,0.0,0.47153891594868425
961,Diana Garcia,60,Marketing,46154,0.9047619047619047,0.17824541067109534
596,Bob Garcia,24,HR,97260,0.04761904761904767,0.7478683444978209
771,Jane Jones,53,Finance,30162,0.7380952380952381,0.0
108,Bob Garcia,45,IT,56966,0.5476190476190477,0.29875500172761627
148,Jane Williams,49,Marketing,102588,0.6428571428571428,0.807253758958526
1040,Bob Jones,25,HR,72823,0.07142857142857151,0.4754957143971734
20,John Brown,51,Finance,108131,0.6904761904761905,0.8690355443105697
230,John Johnson,39,IT,61367,0.40476190476190477,0.34780815657775943
495,Ethan Brown,58,Finance,40142,0.8571428571428572,0.11123619300259702
758,Diana Johnson,52,Operations,37736,0.7142857142857144,0.08441913084185065
219,Bob Jones,40,Marketing,68467,0.4285714285714286,0.4269441255475429
295,Ethan Johnson,29,Marketing,114416,0.16666666666666674,0.9390875957155118
439,Jane Brown,57,Sales,52420,0.8333333333333333,0.2480856897647098
1531,Diana Garcia,40,HR,117527,0.4285714285714286,0.9737625252176239
819,Alice Williams,36,Marketing,59300,0.33333333333333337,0.3247695582875423
166,Diana Smith,60,HR,95429,0.9047619047619047,0.7274601812325148
586,Hannah Brown,60,IT,85731,0.9047619047619047,0.6193671351664642
636,Alice Johnson,29,Marketing,93437,0.16666666666666674,0.7052575262764855
821,Jane Martinez,58,Marketing,118553,0.8571428571428572,0.9851982300293138
208,Charlie Miller,43,HR,47727,0.5,0.19577792886679524
345,Ethan Miller,64,Operations,65298,1.0,0.3916227332003255
98,Charlie Smith,60,Finance,34760,0.9047619047619047,0.05124889934127663
387,Charlie Davis,61,HR,58141,0.9285714285714286,0.3118514472965592
583,Fiona Brown,31,Sales,115457,0.2142857142857143,0.9506904891940391
204,Bob Martinez,45,Sales,57213,0.5476190476190477,0.3015080417748749
689,John Garcia,31,IT,51817,0.2142857142857143,0.2413647053578395
731,Charlie Martinez,55,Marketing,114530,0.7857142857142858,0.9403582295834774
425,Alice Johnson,26,Operations,90428,0.09523809523809534,0.6717194797088688
468,George Smith,31,Marketing,81431,0.2142857142857143,0.5714397173396939
1680,Hannah Jones,26,Finance,58731,0.09523809523809534,0.318427534858837
82,Ethan Martinez,22,Sales,61324,0.0,0.3473288823994918
883,Bob Davis,36,Marketing,52263,0.33333333333333337,0.2463357817184766
790,George Jones,30,Sales,77299,0.19047619047619047,0.5253848125815045
412,Alice Miller,43,Operations,39956,0.5,0.10916305353381112
325,Diana Smith,24,IT,36721,0.04761904761904767,0.0731060310525084
570,Diana Smith,29,Finance,45997,0.16666666666666674,0.17649550262486213
518,George Miller,43,HR,56189,0.5,0.29009462878543013
322,Alice Williams,53,Sales,103800,0.7380952380952381,0.8207626032390019
17,Jane Brown,43,HR,69062,0.5,0.4335759426654332
931,Jane Garcia,32,HR,34135,0.23809523809523814,0.0442827048897112
669,Hannah Miller,48,HR,46087,0.6190476190476191,0.17749863462588755
574,Bob Martinez,28,Sales,112566,0.1428571428571429,0.9184676601388782
218,Hannah Johnson,57,Sales,90946,0.8333333333333333,0.6774930616703263
392,,40,Marketing,76851,0.4285714285714286,0.5203914443986224
795,John Jones,38,HR,78330,0.38095238095238093,0.5368762469488069
361,Ethan Miller,33,Operations,63613,0.261904761904762,0.37284187295890503
714,John Rodriguez,38,HR,64051,0.38095238095238093,0.3777237820305621
338,Bob Jones,63,Finance,35901,0.9761904761904763,0.0639663839320545
29,Charlie Williams,63,Operations,78320,0.9761904761904763,0.5367647878375817
404,George Smith,55,Finance,62371,0.7857142857142858,0.35899865134475417
760,George Jones,37,Operations,97155,0.3571428571428572,0.7466980238299581
882,Fiona Garcia,23,Operations,111816,0.023809523809523836,0.9101082267969995
859,Jane Williams,51,Sales,40800,0.6904761904761905,0.11857020252120509
1161,John Martinez,22,Operations,72668,0.0,0.4737680981731852
774,Fiona Brown,26,Marketing,103997,0.09523809523809534,0.8229583477301352
526,Bob Martinez,30,IT,76857,0.19047619047619047,0.5204583198653574
215,Charlie Williams,50,Operations,92438,0.6666666666666667,0.6941227610651033
591,,49,Operations,50567,0.6428571428571428,0.22743231645470863
979,Alice Smith,27,Finance,56475,0.11904761904761907,0.2932823593664664
694,John Jones,30,Sales,87775,0.19047619047619047,0.6421493775008639
1367,Bob Johnson,53,Operations,48268,0.7380952380952381,0.20180786678407026
880,Ethan Smith,51,Marketing,69961,0.6904761904761905,0.4435961167645649
289,Alice Rodriguez,33,Marketing,35782,0.261904761904762,0.06264002050847645
824,Charlie Williams,60,Finance,49446,0.9047619047619047,0.21493775008638083
679,John Williams,38,Sales,90603,0.38095238095238093,0.6736700141553071
559,Ethan Rodriguez,34,Sales,114080,0.2857142857142858,0.9353425695783502
450,Hannah Davis,37,Operations,56035,0.3571428571428572,0.2883781584725643
197,John Rodriguez,53,Finance,98388,0.7380952380952381,0.7604409322440062
921,Diana Williams,30,Operations,107067,0.19047619047619047,0.8571762948762247
19,Charlie Johnson,45,Finance,62556,0.5476190476190477,0.3610606449024175
903,Hannah Garcia,34,Sales,79159,0.2857142857142858,0.5461162072693633
50,George Williams,56,Sales,56984,0.8095238095238095,0.2989556281278213
318,George Miller,52,Finance,103861,0.7142857142857144,0.8214425038174746
33,Fiona Davis,24,HR,85409,0.04761904761904767,0.6157781517850177
59,George Rodriguez,25,Operations,102460,0.07142857142857151,0.8058270823348455
118,Charlie Miller,35,Marketing,89182,0.30952380952380953,0.6578316744502279
69,Jane Smith,29,Marketing,66321,0.16666666666666674,0.40302500027864774
569,John Smith,40,HR,58044,0.4285714285714286,0.3107702939176763
517,Alice Davis,46,HR,36979,0.5714285714285714,0.0759816761221146
97,Alice Johnson,63,Finance,31177,0.9761904761904763,0.011313099789342307
401,John Smith,33,Marketing,87009,0.261904761904762,0.6336116095810252
140,Bob Brown,36,Finance,42289,0.33333333333333337,0.13516646418261463
839,John Brown,57,Marketing,108021,0.8333333333333333,0.8678094940870942
331,Diana Williams,61,IT,78895,0.9285714285714286,0.543173686733022
565,George Rodriguez,26,Sales,67643,0.09523809523809534,0.417759894782599
126,Alice Jones,30,IT,67650,0.19047619047619047,0.4178379161604565
12,Ethan Davis,45,Sales,36570,0.5476190476190477,0.0714229984730102
113,Bob Smith,48,Marketing,88348,0.6190476190476191,0.648535984574059
124,Alice Martinez,60,Marketing,75379,0.9047619047619047,0.5039846632262954
464,Diana Johnson,24,Operations,72080,0.04761904761904767,0.46721430243315243
500,Alice Rodriguez,57,IT,87906,0.8333333333333333,0.6436094918579119
210,Jane Garcia,37,Marketing,95108,0.3571428571428572,0.7238823437621908
179,Ethan Brown,62,Marketing,85826,0.9523809523809523,0.6204259967231022
595,Hannah Williams,22,Sales,57044,0.0,0.29962438279517156
784,Hannah Jones,33,Marketing,89063,0.261904761904762,0.6565053110266499
626,,37,IT,106865,0.3571428571428572,0.8549248208294786
451,Ethan Williams,23,IT,60620,0.023809523809523836,0.33948216096924844
375,Ethan Jones,36,Sales,72913,0.33333333333333337,0.47649884639819884
950,Bob Brown,26,Operations,61852,0.09523809523809534,0.3532139234721743
519,Hannah Rodriguez,34,Operations,72600,0.2857142857142858,0.4730101762168548
887,Jane Brown,26,Finance,53648,0.09523809523809534,0.26177286862314564
939,John Miller,43,Finance,97843,0.5,0.7543664106822412
376,Diana Johnson,64,HR,85677,1.0,0.618765255965849
514,Alice Brown,51,Finance,82161,0.6904761904761905,0.5795762324591224
151,John Davis,27,Operations,119022,0.11904761904761907,0.9904256623457686
428,Hannah Smith,47,Sales,86532,0.5952380952380953,0.6282950099755905
858,Charlie Martinez,25,Operations,89634,0.07142857142857151,0.6628696262776
95,Jane Jones,54,Finance,61348,0.7619047619047619,0.3475963842664319
660,Hannah Davis,54,Marketing,91627,0.7619047619047619,0.6850834271447519
89,George Rodriguez,45,Finance,90233,0.5476190476190477,0.6695460270399805
458,Charlie Johnson,56,HR,33191,0.8095238095238095,0.033760964790066794
555,Diana Smith,31,HR,44291,0.2142857142857143,0.15748057824986905
592,Jane Garcia,29,Marketing,59739,0.16666666666666674,0.32966261327032176
716,Diana Smith,36,Finance,60447,0.33333333333333337,0.3375539183450551
659,Ethan Johnson,26,Sales,94429,0.09523809523809534,0.7163142701100103
483,Alice Johnson,47,IT,100476,0.5952380952380953,0.7837135946677962
832,Hannah Williams,41,IT,76760,0.45238095238095244,0.5193771664864745
240,John Davis,56,Operations,66378,0.8095238095238095,0.4036603172126305
525,Alice Garcia,33,Sales,87713,0.261904761904762,0.6414583310112686
390,Ethan Davis,63,HR,53291,0.9761904761904763,0.25779377835241146
336,John Brown,23,HR,59984,0.023809523809523836,0.3323933614953355
1381,Diana Martinez,60,Operations,89474,0.9047619047619047,0.6610862804979993
453,Hannah Davis,53,Sales,85316,0.7380952380952381,0.6147415820506248
193,Alice Brown,22,IT,110532,0.0,0.8957968769157034
339,Ethan Smith,23,Finance,61552,0.023809523809523836,0.3498701501354229
168,Diana Davis,29,IT,64068,0.16666666666666674,0.37791326251964463
315,Fiona Jones,58,Finance,75033,0.8571428571428572,0.5001281779779089
728,Hannah Martinez,51,Sales,65525,0.6904761904761905,0.3941528550251341
759,Bob Miller,32,HR,37710,0.23809523809523814,0.08412933715266557
701,Jane Smith,55,Sales,31651,0.7857142857142858,0.01659626166140954
674,Ethan Rodriguez,56,IT,41005,0.8095238095238095,0.12085511430131857
270,John Davis,50,Finance,111437,0.6666666666666667,0.9058839264815703
801,George Garcia,36,HR,32539,0.33333333333333337,0.026493830738193724
1462,Hannah Martinez,58,IT,33631,0.8571428571428572,0.03866516568396883
78,Charlie Brown,46,IT,57723,0.5714285714285714,0.30719245644735227
488,Bob Jones,32,Sales,58082,0.23809523809523814,0.31119383854033145
419,George Rodriguez,43,Marketing,119818,0.5,0.9992978075992822
43,Alice Miller,30,Marketing,60659,0.19047619047619047,0.3399168515030261
851,Fiona Miller,27,Sales,104071,0.11904761904761907,0.8237831451532005
369,Charlie Miller,43,HR,116269,0.5,0.959740969025513
452,George Davis,49,Finance,49877,0.6428571428571428,0.2197416377801803
128,John Brown,36,Sales,76413,0.33333333333333337,0.5155095353269653
544,Alice Garcia,35,IT,56806,0.30952380952380953,0.29697165594801544
100,Hannah Garcia,49,Finance,51636,0.6428571428571428,0.23934729544466615
898,Jane Smith,35,HR,62658,0.30952380952380953,0.36219752783691306
474,Bob Garcia,23,Sales,103616,0.023809523809523836,0.818711755592461
849,Hannah Miller,47,Sales,42924,0.5952380952380953,0.14224411774540513
65,Jane Rodriguez,57,Sales,59165,0.8333333333333333,0.3232648602860041
192,Ethan Davis,54,HR,47014,0.7619047619047619,0.18783089423644939
183,Fiona Jones,24,Operations,66041,0.04761904761904767,0.39990414516434647
109,George Jones,58,Sales,111709,0.8571428571428572,0.9089156143068915
175,Jane Martinez,36,Sales,105388,0.33333333333333337,0.8384623101015394
76,Charlie Jones,45,IT,33726,0.5476190476190477,0.03972402724060681
561,Hannah Davis,63,Sales,107794,0.9761904761904763,0.8652793722622856
575,George Rodriguez,46,IT,44571,0.5714285714285714,0.16060143336417038
337,Diana Brown,48,IT,103822,0.6190476190476191,0.8210078132836969
973,Alice Johnson,23,IT,30645,0.023809523809523836,0.005383475072169797
245,,22,HR,103794,0.0,0.8206957277722668
308,John Miller,38,Operations,91929,0.38095238095238093,0.6884494923037483
340,George Davis,47,HR,61055,0.5952380952380953,0.344330632307538
262,George Miller,57,IT,30207,0.8333333333333333,0.0005015660005127098
582,Ethan Brown,48,IT,78908,0.6190476190476191,0.5433185835776145
141,George Miller,64,HR,74976,1.0,0.4994928610439261
73,Jane Jones,42,Operations,33712,0.4761904761904763,0.03956798448489174
477,John Johnson,38,Operations,86492,0.38095238095238093,0.6278491735306903
990,John Johnson,57,IT,66116,0.8333333333333333,0.4007400884985344
763,Charlie Miller,61,Sales,75603,0.9285714285714286,0.5064813473177365
418,Jane Johnson,58,HR,93037,0.8571428571428572,0.7007991618274836
593,Jane Rodriguez,62,Sales,87804,0.9523809523809523,0.6424726089234165
313,Bob Jones,56,Marketing,106957,0.8095238095238095,0.8559502446527492
638,Bob Smith,49,Marketing,49873,0.6428571428571428,0.2196970541356903
988,Bob Johnson,60,HR,89165,0.9047619047619047,0.6576421939611454
167,George Brown,27,Sales,53669,0.11904761904761907,0.26200693275671816
378,Jane Jones,54,IT,76332,0.7619047619047619,0.5146067165260424
407,Fiona Garcia,61,HR,81196,0.9285714285714286,0.5688204282259054
1,Diana Miller,60,Sales,55611,0.9047619047619047,0.28365229215662235
198,Alice Garcia,27,Marketing,46014,0.11904761904761907,0.17668498311394465
891,Charlie Rodriguez,40,Sales,51253,0.4285714285714286,0.23507841148474684
423,Charlie Jones,26,HR,54022,0.09523809523809534,0.26594143938296233
96,Ethan Johnson,26,IT,94732,0.09523809523809534,0.7196914811801292
783,Alice Miller,62,HR,35347,0.9523809523809523,0.05779154917018692
104,Fiona Williams,33,Marketing,57598,0.261904761904762,0.3057992175570392
194,John Garcia,40,Sales,79104,0.4285714285714286,0.5455031821576255
88,Jane Miller,29,HR,106743,0.16666666666666674,0.8535650196725331
895,Fiona Smith,33,HR,118664,0.261904761904762,0.9864354261639119
489,,50,Operations,119570,0.6666666666666667,0.9965336216409011
81,Fiona Williams,36,IT,65643,0.33333333333333337,0.39546807253758964
804,Hannah Garcia,47,HR,50644,0.5952380952380953,0.22829055161114142
563,Fiona Davis,48,IT,78758,0.6190476190476191,0.5416466969092388
729,Alice Miller,36,Marketing,83072,0.33333333333333337,0.5897301574917242
191,Hannah Martinez,53,HR,47633,0.7380952380952381,0.1947302132212798
833,Diana Miller,46,Marketing,85718,0.5714285714285714,0.6192222383218716
935,Fiona Miller,56,IT,95031,0.8095238095238095,0.723024108605758
102,Ethan Rodriguez,30,Operations,83551,0.19047619047619047,0.5950690489194039
955,Ethan Martinez,46,Operations,63691,0.5714285714285714,0.37371125402646044
635,George Smith,47,Marketing,56832,0.5952380952380953,0.2972614496372006
153,Charlie Davis,49,Finance,78368,0.6428571428571428,0.537299791571462
111,George Garcia,61,Operations,56987,0.9285714285714286,0.2989890658611888
436,George Davis,44,IT,100331,0.5238095238095237,0.7820974375550329
560,Charlie Rodriguez,61,Marketing,91332,0.9285714285714286,0.681795383363613
1097,Alice Johnson,63,Finance,31177,0.9761904761904763,0.011313099789342307
785,Diana Garcia,47,IT,32643,0.5952380952380953,0.027653005494934213
505,George Brown,44,Sales,77241,0.5238095238095237,0.5247383497363992
726,Ethan Williams,55,Marketing,84220,0.7857142857142858,0.6025256634603596
10,John Smith,32,Marketing,86503,0.23809523809523814,0.6279717785530379
480,Charlie Smith,50,Operations,93936,0.6666666666666667,0.7108193359266153
651,Bob Smith,56,HR,96549,0.8095238095238095,0.7399436016897201
521,John Rodriguez,57,Finance,108040,0.8333333333333333,0.8680212663984217
993,Fiona Rodriguez,54,Sales,89042,0.7619047619047619,0.6562712468930773
767,John Johnson,53,Operations,104603,0.7380952380952381,0.829712769870373
162,John Jones,48,HR,43673,0.6190476190476191,0.15059240517616113
443,Fiona Brown,40,IT,55121,0.4285714285714286,0.278190795706595
32,Fiona Smith,36,Operations,118009,0.33333333333333337,0.9791348543786713
202,Charlie Rodriguez,38,HR,87993,0.38095238095238093,0.6445791861255699
799,Charlie Garcia,29,HR,80601,0.16666666666666674,0.562188611108015
571,Diana Williams,22,HR,109751,0.0,0.8870919203290273
272,John Miller,39,Operations,85922,0.40476190476190477,0.6214960041908626
753,Diana Johnson,64,Finance,72821,1.0,0.4754734225749284
1197,John Rodriguez,53,Finance,98388,0.7380952380952381,0.7604409322440062
310,Fiona Garcia,51,Sales,55169,0.6904761904761905,0.27872579944047526
213,Diana Smith,27,Sales,61910,0.11904761904761907,0.35386038631727956
22,Fiona Brown,23,Marketing,73753,0.023809523809523836,0.48586141174110276
504,George Rodriguez,45,Sales,35439,0.5476190476190477,0.05881697299345734
528,Ethan Davis,49,Marketing,115667,0.6428571428571428,0.9530311305297652
551,Hannah Garcia,32,Operations,79145,0.23809523809523814,0.5459601645136481
740,Bob Brown,50,Operations,52436,0.6666666666666667,0.24826402434266992
886,Hannah Martinez,47,IT,72951,0.5952380952380953,0.476922391020854
47,Fiona Rodriguez,49,Marketing,49508,0.6428571428571428,0.2156287965759761
379,Hannah Davis,29,HR,55032,0.16666666666666674,0.2771988096166921
496,John Brown,30,HR,78355,0.19047619047619047,0.5371548947268695
382,Hannah Garcia,25,HR,74936,0.07142857142857151,0.49904702459902583
185,Jane Davis,38,Marketing,95681,0.38095238095238093,0.7302689508353861
206,Charlie Miller,55,Finance,37421,0.7857142857142858,0.08090816883826168
1770,John Martinez,50,Operations,104971,0.6666666666666667,0.8338144651634549
411,Alice Davis,26,Sales,61174,0.09523809523809534,0.3456569957311161
1242,Fiona Jones,37,Finance,44484,0.3571428571428572,0.15963173909651246
537,Hannah Davis,42,Sales,90703,0.4761904761904763,0.6747846052675577
869,Hannah Davis,57,Operations,60933,0.8333333333333333,0.34297083115059246
702,Hannah Davis,49,Finance,80288,0.6428571428571428,0.5586999409266711
542,Ethan Johnson,63,Marketing,88279,0.9761904761904763,0.6477669167066062
306,Alice Miller,25,Operations,100971,0.07142857142857151,0.789230820673436
826,Ethan Johnson,60,Marketing,92032,0.9047619047619047,0.6895975211493663
343,Ethan Garcia,54,Marketing,44716,0.7619047619047619,0.16221759047693357
909,Jane Garcia,26,IT,37239,0.09523809523809534,0.07887961301396584
169,Bob Martinez,48,IT,118789,0.6190476190476191,0.987828665054225
751,John Davis,23,Sales,98920,0.023809523809523836,0.7663705569611787
420,Fiona Davis,50,Operations,36548,0.6666666666666667,0.07117778842831507
511,John Jones,46,HR,47630,0.5714285714285714,0.1946967754879123
38,Fiona Davis,60,Sales,95838,0.9047619047619047,0.7320188588816192
844,Diana Rodriguez,40,Finance,44357,0.4285714285714286,0.15821620838395434
964,Charlie Miller,53,Operations,85426,0.7380952380952381,0.6159676322741002
815,Fiona Miller,64,IT,111912,1.0,0.9111782342647601
342,Bob Martinez,61,Marketing,103965,0.9285714285714286,0.8226016785742152
691,Charlie Davis,38,Marketing,43428,0.38095238095238093,0.1478616569511475
384,Alice Davis,53,Sales,91588,0.7380952380952381,0.6846487366109744
515,Ethan Johnson,38,HR,107360,0.38095238095238093,0.8604420468351186
212,Alice Miller,30,Sales,118700,0.19047619047619047,0.9868366789643219
317,Fiona Garcia,50,Marketing,103165,0.6666666666666667,0.8136849496762113
85,John Smith,30,Finance,52443,0.19047619047619047,0.24834204572052743
934,Jane Martinez,33,Finance,119087,0.261904761904762,0.9911501465687313
1244,Bob Martinez,23,Marketing,64503,0.023809523809523836,0.3827617338579342
391,Ethan Smith,51,Operations,71568,0.6904761904761905,0.46150759593843005
680,Hannah Jones,26,Finance,58731,0.09523809523809534,0.318427534858837
650,Charlie Miller,34,HR,48313,0.2857142857142858,0.20230943278458302
1986,Alice Smith,54,Sales,30587,0.7619047619047619,0.004737012227064519
357,George Garcia,22,HR,37967,0.0,0.08699383631114926
326,Jane Miller,39,HR,86154,0.40476190476190477,0.6240818555712837
566,Charlie Martinez,50,Operations,80408,0.6666666666666667,0.5600374502613716
1058,Bob Garcia,63,Sales,117128,0.9761904761904763,0.9693153066797446
761,Jane Jones,29,Operations,43975,0.16666666666666674,0.15395847033515758
509,Diana Williams,34,Finance,69279,0.2857142857142858,0.4359946053790167
825,Charlie Rodriguez,38,Marketing,32336,0.38095238095238093,0.024231210780325252
681,Diana Smith,52,Marketing,98926,0.7142857142857144,0.7664374324279137
830,George Garcia,38,HR,53481,0.38095238095238093,0.2599115014656873
1000,George Johnson,31,Operations,63866,0.2142857142857143,0.37566178847289877
254,Charlie Davis,37,Sales,74843,0.3571428571428572,0.4980104548646329
863,Jane Davis,45,Marketing,42819,0.5476190476190477,0.14107379707754208
581,Alice Jones,60,Finance,53387,0.9047619047619047,0.2588637858201719
877,John Brown,25,Marketing,57624,0.07142857142857151,0.30608901124622434
279,Jane Brown,25,HR,43395,0.07142857142857151,0.1474938418841048
1180,Jane Brown,33,HR,66451,0.261904761904762,0.4044739687245734
248,George Martinez,58,Sales,35249,0.8571428571428572,0.056699249880181435
181,Ethan Johnson,60,Finance,37227,0.9047619047619047,0.07874586208049578
471,,34,HR,81399,0.2857142857142858,0.5710830481837738
433,Hannah Rodriguez,54,Marketing,30163,0.7619047619047619,1.1145911122500962e-05
953,John Garcia,47,HR,86481,0.5952380952380953,0.6277265685083427
290,George Garcia,43,Operations,118177,0.5,0.9810073674472519
835,Bob Johnson,31,Operations,75232,0.2142857142857143,0.5023462142912872
4,George Smith,64,IT,31239,1.0,0.012004146278937589
1502,Alice Rodriguez,60,Finance,59956,0.9047619047619047,0.33208127598390536
1725,Fiona Johnson,59,HR,76850,0.8809523809523809,0.5203802984874999
536,Jane Johnson,46,Marketing,39503,0.5714285714285714,0.10411395579531652
989,Fiona Jones,48,Sales,99615,0.6190476190476191,0.7741169651913196
994,John Martinez,58,Sales,48099,0.8571428571428572,0.19992420780436693
164,George Martinez,62,IT,118204,0.9523809523809523,0.9813083070475597
189,Ethan Garcia,44,Sales,94174,0.5238095238095237,0.7134720627737714
959,John Davis,61,Marketing,38438,0.9285714285714286,0.092243560449849
40,Bob Jones,25,HR,72823,0.07142857142857151,0.4754957143971734
283,Ethan Davis,41,Sales,106559,0.45238095238095244,0.8515141720259922
280,,54,Sales,115957,0.7619047619047619,0.9562634447552916
367,Bob Johnson,53,Operations,48268,0.7380952380952381,0.20180786678407026
707,Bob Martinez,55,Operations,46184,0.7857142857142858,0.17857978800477048
897,John Williams,47,Operations,109025,0.5952380952380953,0.8789999888540889
421,John Johnson,35,HR,103294,0.30952380952380953,0.8151227722110144
995,Diana Williams,48,Finance,75096,0.6190476190476191,0.5008303703786267
271,John Johnson,39,IT,102982,0.40476190476190477,0.811645247940793
890,Alice Miller,25,HR,48658,0.07142857142857151,0.20615477212184707
836,Ethan Smith,24,Finance,116544,0.04761904761904767,0.9628060945842019
475,George Jones,56,Finance,37099,0.8095238095238095,0.07731918545681515
924,Jane Garcia,45,Operations,67711,0.5476190476190477,0.4185178167389293
615,Fiona Williams,35,IT,112368,0.30952380952380953,0.9162607697366221
112,John Garcia,43,HR,108714,0.5,0.87553361049499
553,Diana Rodriguez,33,Sales,107811,0.261904761904762,0.8654688527513681
221,John Miller,24,Marketing,63893,0.04761904761904767,0.3759627280732064
628,Charlie Smith,59,Marketing,97695,0.8809523809523809,0.7527168158361106
754,Ethan Garcia,64,Sales,43493,1.0,0.1485861411741103
84,Hannah Johnson,28,IT,38927,0.1428571428571429,0.0976939109887538
874,John Jones,41,Sales,44939,0.45238095238095244,0.16470312865725212
791,John Garcia,47,Operations,47073,0.5952380952380953,0.18848850299267716
132,Diana Miller,53,Finance,87716,0.7380952380952381,0.6414917687446361
462,Hannah Martinez,58,IT,33631,0.8571428571428572,0.03866516568396883
405,Alice Martinez,53,Sales,87022,0.7380952380952381,0.6337565064256178
552,Charlie Smith,39,Finance,107425,0.40476190476190477,0.8611665310580814
154,Diana Williams,41,Marketing,104172,0.45238095238095244,0.8249088821765735
327,George Brown,46,HR,50609,0.5714285714285714,0.22790044472185378
199,Charlie Brown,53,Sales,63755,0.7380952380952381,0.3744245923383007
700,Charlie Smith,53,IT,63937,0.7380952380952381,0.37645314816259656
403,Diana Brown,22,HR,72468,0.0,0.47153891594868425
282,Charlie Johnson,42,HR,34895,0.4761904761904763,0.05275359734281482
588,Alice Davis,34,HR,78689,0.2857142857142858,0.540877629041786
99,Ethan Johnson,62,Marketing,62779,0.9523809523809523,0.3635461830827361
661,Alice Smith,22,Sales,63848,0.0,0.37546116207269364
947,Hannah Martinez,56,HR,110685,0.8095238095238095,0.8975022013174467
