ID,Name,Age,Department,Salary,Age_standardized,Salary_standardized
497,Charlie Martinez,45,IT,39866,0.15731231608180873,-1.2878930658883223
395,Diana Smith,49,Finance,73108,0.4794535776827823,0.008794670961156983
590,Diana Davis,41,Finance,76486,-0.16482894551916483,0.14056204882884066
918,Charlie Jones,58,HR,36971,1.2042714162849728,-1.4008198151266125
654,George Rodriguez,26,Marketing,103445,-1.3728586765228157,1.1921655834454434
562,Ethan Jones,30,Sales,60841,-1.0507174149218421,-0.4697104872102094
852,Diana Miller,58,Finance,87326,1.2042714162849728,0.5634034863912122
1474,Bob Garcia,23,Sales,103616,-1.6144646227235457,1.1988358681154772
397,Fiona Brown,58,IT,64171,1.2042714162849728,-0.339815469951658
556,Diana Rodriguez,38,Operations,76804,-0.406434891719895,0.15296643786434197
35,Bob Rodriguez,28,Finance,111040,-1.211788045722329,1.4884276423279355
965,Fiona Rodriguez,59,Marketing,56819,1.284806731685216,-0.6265987032504178
438,George Williams,26,Operations,34798,-1.3728586765228157,-1.4855831402025381
706,Alice Brown,47,Marketing,105054,0.3183829468822955,1.2549286713640648
440,Diana Garcia,55,Marketing,59300,0.9626654700842426,-0.5298210642658935
238,Ethan Miller,51,IT,40756,0.6405242084832691,-1.2531763795939947
540,Bob Davis,37,IT,46905,-0.4869702071201384,-1.0133191840616125
927,Bob Miller,51,Sales,95794,0.6405242084832691,0.8937191038522974
498,Fiona Brown,56,HR,100067,1.043200785484486,1.0603982055777599
351,Hannah Williams,46,Marketing,47347,0.23784763148205212,-0.9960778634525196
80,Fiona Martinez,50,Marketing,107714,0.5599888930830257,1.358688655120145
942,John Brown,32,IT,85661,-0.8896467841213553,0.4984559777619365
470,George Williams,50,Finance,118789,0.5599888930830257,1.7906968581647267
614,Diana Jones,62,Finance,79666,1.5264126778859464,0.2646059391838537
381,Diana Martinez,60,Operations,89474,1.3653420470854596,0.6471916236498815
456,Bob Martinez,45,HR,60911,0.15731231608180873,-0.4669799613218915
584,Charlie Williams,47,Finance,43057,0.3183829468822955,-1.1634200928937164
862,Alice Miller,52,Finance,48708,0.7210595238835125,-0.9429886386810816
647,Alice Rodriguez,34,Operations,53762,-0.7285761533208686,-0.7458446695445293
873,John Brown,23,Operations,48133,-1.6144646227235457,-0.9654179584779786
936,Fiona Martinez,56,IT,63380,1.043200785484486,-0.37067041248965027
225,Jane Garcia,28,IT,84253,-1.211788045722329,0.44353339989405655
200,Fiona Johnson,25,Marketing,70390,-1.453393991923059,-0.09722774853095795
430,Diana Martinez,42,Finance,77076,-0.08429363011892142,0.1635764813160915
670,,34,Operations,78868,-0.7285761533208686,0.23347794405702968
216,George Martinez,24,IT,59371,-1.5339293073233025,-0.5270515308648853
998,Alice Garcia,43,IT,59009,-0.0037583147186780403,-0.5411722504587578
788,Hannah Brown,47,IT,80026,0.3183829468822955,0.27864864375234577
157,Diana Jones,49,Finance,42149,0.4794535776827823,-1.1988389144164686
454,George Davis,48,Operations,94041,0.3989182622825389,0.8253389341062791
1963,John Garcia,35,IT,39752,-0.6480408379206252,-1.2923399223350114
491,Alice Brown,46,Finance,113588,0.23784763148205212,1.5878187846627068
902,Ethan Williams,57,Operations,91001,1.1237361008847293,0.7067560955279019
427,Hannah Miller,37,Sales,89353,-0.4869702071201384,0.6424717146143605
106,John Brown,54,Sales,76819,0.8821301546839992,0.1535515505546958
190,Charlie Miller,58,Operations,56160,1.2042714162849728,-0.6523046541132963
293,Ethan Smith,59,Finance,60682,1.284806731685216,-0.4759126817279601
469,Charlie Jones,64,Marketing,58602,1.6874833086864331,-0.5570483081236919
531,Diana Garcia,40,HR,117527,-0.24536426091940822,1.741469377149624
396,George Miller,47,HR,96918,0.3183829468822955,0.9375635481161447
925,,59,Operations,36530,1.284806731685216,-1.4180221282230152
1617,Diana Johnson,52,IT,92946,0.7210595238835125,0.7826257077104491
1631,Fiona Rodriguez,49,Sales,77701,0.4794535776827823,0.1879561767475013
9,Alice Davis,44,Sales,45398,0.07677700068156534,-1.072103505685828
693,Charlie Miller,35,Sales,40258,-0.6480408379206252,-1.2726021209137421
1920,Alice Williams,38,Sales,115445,-0.406434891719895,1.6602557357285117
67,George Miller,52,HR,34114,0.7210595238835125,-1.512264278882673
884,Fiona Williams,32,Marketing,43565,-0.8896467841213553,-1.1436042764470666
249,Alice Jones,53,HR,49201,0.8015948392837559,-0.9237579349247855
365,Diana Brown,55,Sales,65262,0.9626654700842426,-0.2972582736065891
160,Charlie Smith,54,Finance,101031,0.8821301546839992,1.0980014478111664
686,John Jones,58,Finance,72092,1.2042714162849728,-0.030836961932142786
708,Jane Williams,24,HR,63787,-1.5339293073233025,-0.3547943548247162
893,Fiona Smith,54,Marketing,78563,0.8821301546839992,0.2215806526865017
243,Bob Davis,47,Operations,86549,0.3183829468822955,0.5330946490308835
516,Charlie Rodriguez,41,Finance,80979,-0.16482894551916483,0.3158228033461594
543,Ethan Garcia,60,HR,119489,1.3653420470854596,1.8180021170479057
358,Hannah Garcia,29,IT,41871,-1.1312527303220854,-1.2096830029443597
24,Jane Rodriguez,54,Finance,34470,0.8821301546839992,-1.498377604364942
281,Alice Williams,35,IT,86273,-0.6480408379206252,0.522328575528373
639,Ethan Smith,58,Finance,70372,1.2042714162849728,-0.09792988375938255
324,Diana Miller,54,HR,54226,0.8821301546839992,-0.7277451836562507
576,Hannah Davis,25,Operations,87941,-1.453393991923059,0.5873931066957194
145,Bob Smith,53,HR,74139,0.8015948392837559,0.04901141654481059
676,Alice Miller,42,Sales,46029,-0.08429363011892142,-1.0474897651782766
738,Ethan Martinez,38,Operations,92812,-0.406434891719895,0.7773987010099549
31,Charlie Jones,37,Operations,45577,-0.4869702071201384,-1.0651211609142721
720,Jane Johnson,23,IT,87418,-1.6144646227235457,0.5669921775587158
695,John Smith,22,Sales,111580,-1.6949999381237892,1.5094916991806735
273,John Martinez,23,Finance,78231,-1.6144646227235457,0.20863015847333682
663,Hannah Jones,53,IT,45379,0.8015948392837559,-1.0728446484269427
276,Fiona Johnson,62,Sales,71323,1.5264126778859464,-0.06083373919094941
158,John Williams,46,HR,89189,0.23784763148205212,0.6360744825331586
263,George Miller,59,Operations,118733,1.284806731685216,1.7885124374540724
393,Hannah Miller,38,Finance,84823,-0.406434891719895,0.46576768212750225
383,George Martinez,27,Operations,59794,-1.2923233611225722,-0.5105513529969071
349,John Johnson,47,Finance,101308,0.3183829468822955,1.108806528826367
228,Alice Johnson,61,Finance,44210,1.4458773624857029,-1.1184444307618515
627,Ethan Jones,29,HR,61656,-1.1312527303220854,-0.43791936436765105
1530,Fiona Johnson,52,Sales,35978,0.7210595238835125,-1.4395542752280364
422,Fiona Smith,49,Finance,53177,0.4794535776827823,-0.7686640644683289
130,Ethan Smith,63,Finance,80115,1.6069479932861896,0.28212031238177854
746,Jane Williams,41,IT,59309,-0.16482894551916483,-0.5294699966516812
513,Alice Rodriguez,62,Sales,65144,1.5264126778859464,-0.30186116010403924
803,Fiona Williams,35,HR,100968,-0.6480408379206252,1.0955439745116802
757,John Williams,37,HR,67051,-0.4869702071201384,-0.22747383340372165
23,George Jones,42,HR,112811,-0.08429363011892142,1.5575099473023781
688,Diana Garcia,31,Finance,96077,-0.9701820995215987,0.9047582299436396
105,John Johnson,55,Operations,41563,0.9626654700842426,-1.2216973168529583
72,Bob Martinez,61,IT,47772,1.4458773624857029,-0.9794996705591609
698,Bob Johnson,22,Operations,36256,-1.6949999381237892,-1.4287101867001453
864,Diana Miller,30,HR,104905,-1.0507174149218421,1.2491165519732168
926,Fiona Davis,56,Marketing,41116,1.043200785484486,-1.2391336750255026
991,Hannah Jones,50,Finance,115751,0.5599888930830257,1.6721920346117298
101,Diana Brown,28,Finance,111889,-1.211788045722329,1.5215450206019625
15,Diana Williams,45,Marketing,109141,0.15731231608180873,1.4143523757291399
802,Hannah Brown,43,HR,52669,-0.0037583147186780403,-0.7884798809149788
359,Jane Brown,37,IT,107452,-0.4869702071201384,1.348468686795298
922,Fiona Brown,32,Sales,110257,-0.8896467841213553,1.4578847598914653
180,Jane Brown,33,HR,66451,-0.809111468721112,-0.2508783410178751
911,,31,HR,51384,-0.9701820995215987,-0.8386045347219574
373,John Brown,63,HR,69922,1.6069479932861896,-0.11548326446999761
894,Hannah Garcia,41,HR,56390,-0.16482894551916483,-0.6433329261945374
34,Ethan Miller,58,Operations,58625,1.2042714162849728,-0.556151135331816
58,Bob Garcia,63,Sales,117128,1.6069479932861896,1.725905379586212
843,Alice Johnson,61,Sales,113457,1.4458773624857029,1.5827088005002834
604,Charlie Brown,42,HR,59725,-0.08429363011892142,-0.5132428713725348
394,George Brown,40,HR,53312,-0.24536426091940822,-0.7633980502551444
739,Ethan Davis,26,IT,37999,-1.3728586765228157,-1.3607200920810296
523,Hannah Jones,62,Operations,116205,1.5264126778859464,1.689901445373106
764,Jane Johnson,25,IT,53252,-1.453393991923059,-0.7657385010165598
579,Charlie Jones,52,IT,88712,0.7210595238835125,0.6174678989799066
648,Alice Miller,49,HR,112617,0.4794535776827823,1.5499424898404686
625,Diana Williams,53,HR,55498,0.8015948392837559,-0.6781276275142455
42,George Smith,35,IT,84061,-0.6480408379206252,0.43604395745752744
259,Ethan Miller,45,HR,98910,0.15731231608180873,1.015266513395134
545,Charlie Smith,52,IT,75000,0.7210595238835125,0.08259688497112072
374,George Miller,27,IT,109364,-1.2923233611225722,1.4230510510590668
437,Fiona Smith,31,Sales,40634,-0.9701820995215987,-1.257935296142206
350,Hannah Davis,56,Sales,78244,1.043200785484486,0.20913725613831016
53,Jane Jones,57,Marketing,99569,1.1237361008847293,1.0409724642580125
371,Hannah Martinez,43,Marketing,102146,-0.0037583147186780403,1.1414948244608014
846,George Garcia,62,Finance,95633,1.5264126778859464,0.8874388943091661
229,Hannah Johnson,60,Operations,46456,1.3653420470854596,-1.0308335572595373
541,John Jones,60,HR,75838,1.3653420470854596,0.11528518060555498
982,Ethan Miller,29,HR,111623,-1.1312527303220854,1.5111690222263545
231,George Smith,61,HR,84624,1.4458773624857029,0.4580051871021414
1998,Alice Garcia,43,IT,59009,-0.0037583147186780403,-0.5411722504587578
227,Ethan Jones,54,Operations,103379,0.8821301546839992,1.1895910876078866
977,John Brown,60,Operations,117489,1.3653420470854596,1.7399870916673943
502,Alice Rodriguez,60,Finance,59956,1.3653420470854596,-0.5042321359410857
1723,Ethan Johnson,59,Finance,38329,1.284806731685216,-1.3478476128932453
762,Diana Davis,25,Finance,92424,-1.453393991923059,0.7622637860861357
473,Fiona Jones,52,Sales,79230,0.7210595238835125,0.24759866365090225
316,Hannah Williams,45,Finance,93133,0.15731231608180873,0.7899201125835269
840,Bob Miller,43,Marketing,99184,-0.0037583147186780403,1.025954571872264
408,Jane Martinez,22,Marketing,110354,-1.6949999381237892,1.46166848862242
778,Hannah Williams,43,Operations,39833,-0.0037583147186780403,-1.2891803138071007
718,Diana Miller,42,Operations,60254,-0.08429363011892142,-0.4926078971593895
796,Diana Williams,47,Operations,96707,0.3183829468822955,0.9293329629385008
244,Bob Martinez,23,Marketing,64503,-1.6144646227235457,-0.32686497573849316
624,Jane Rodriguez,31,Operations,109578,-0.9701820995215987,1.4313986587747816
810,Hannah Martinez,47,Finance,87714,0.3183829468822955,0.5785384013150314
184,Ethan Garcia,58,Finance,118920,1.2042714162849728,1.79580684232715
876,Hannah Davis,32,Sales,86700,-0.8896467841213553,0.5389847834471122
721,Hannah Brown,32,Sales,44472,-0.8896467841213553,-1.1082244624370046
642,Alice Jones,48,Operations,66751,0.3989182622825389,-0.23917608721079836
26,Bob Jones,43,Sales,53196,-0.0037583147186780403,-0.7679229217272141
36,Fiona Garcia,42,Marketing,54089,-0.08429363011892142,-0.7330892128948158
928,Ethan Johnson,52,Operations,30282,0.7210595238835125,-1.6617410675117328
37,Charlie Miller,30,HR,66487,-1.0507174149218421,-0.24947407056102586
66,George Brown,35,Sales,97203,-0.6480408379206252,0.9486806892328675
13,Ethan Johnson,57,Sales,98785,1.1237361008847293,1.0103905743088522
506,Jane Rodriguez,53,Operations,72533,0.8015948392837559,-0.013634648835740032
90,Bob Brown,32,Operations,55537,-0.8896467841213553,-0.6766063345193255
307,Jane Smith,56,HR,94612,1.043200785484486,0.8476122238524151
131,Hannah Miller,34,Finance,37151,-0.7285761533208686,-1.3937984628423665
829,Ethan Smith,46,Operations,101707,0.23784763148205212,1.1243705263897792
297,Ethan Jones,48,HR,68067,0.3989182622825389,-0.1878422005104219
730,Bob Rodriguez,48,Sales,113820,0.3989182622825389,1.5968685276068462
970,John Rodriguez,46,Sales,107275,0.23784763148205212,1.3415643570491227
845,Charlie Garcia,63,HR,98673,1.6069479932861896,1.0060217328875434
656,Alice Davis,23,Finance,32023,-1.6144646227235457,-1.5938289879179977
402,Diana Smith,22,Sales,45422,-1.6949999381237892,-1.0711673253812617
119,Charlie Miller,24,IT,117163,-1.5339293073233025,1.727270642530371
640,George Martinez,62,IT,119464,1.5264126778859464,1.8170269292306491
1458,Charlie Johnson,56,HR,33191,1.043200785484486,-1.548268213095779
722,Jane Rodriguez,60,Sales,33471,1.3653420470854596,-1.5373461095425074
287,Diana Rodriguez,38,Operations,49169,-0.406434891719895,-0.9250061753308737
142,Alice Brown,50,IT,73596,0.5599888930830257,0.027830337154001756
174,Alice Brown,45,IT,106153,0.15731231608180873,1.297797927810656
608,Bob Smith,58,Sales,59806,1.2042714162849728,-0.510083262844624
621,Fiona Miller,44,Finance,64196,0.07677700068156534,-0.33884028213440165
356,Bob Jones,41,IT,119099,-0.16482894551916483,1.8027891870987058
1941,Ethan Miller,29,Sales,41205,-1.1312527303220854,-1.23566200639607
697,Charlie Williams,25,Marketing,58854,-1.453393991923059,-0.5472184149257474
1649,Jane Williams,50,Finance,39596,0.5599888930830257,-1.2984250943146913
710,Bob Jones,22,Finance,105564,-1.6949999381237892,1.2748225028360953
346,Jane Davis,60,Operations,81112,1.3653420470854596,0.3210108025339634
986,Alice Smith,54,Sales,30587,0.8821301546839992,-1.6498437761412048
671,Alice Martinez,54,HR,53225,0.8821301546839992,-0.7667917038591967
150,Diana Rodriguez,63,HR,33654,1.6069479932861896,-1.5302077347201906
809,Hannah Garcia,23,Finance,48322,-1.6144646227235457,-0.9580455385795202
827,Bob Rodriguez,43,Operations,105415,-0.0037583147186780403,1.2690103834452473
223,Alice Jones,41,Operations,61007,-0.16482894551916483,-0.463235240103627
962,Bob Davis,61,IT,38004,1.4458773624857029,-1.3605250545175784
578,Charlie Williams,27,Marketing,116250,-1.2923233611225722,1.6916567834441676
906,Diana Martinez,54,Sales,51800,0.8821301546839992,-0.822377409442811
172,John Johnson,54,Sales,67384,0.8821301546839992,-0.2144843316778665
580,Jane Jones,40,Finance,73541,-0.24536426091940822,0.025684923956037692
75,Diana Garcia,39,Sales,81924,-0.3258995763196516,0.35268490283845105
288,George Johnson,54,HR,46163,0.8821301546839992,-1.0422627584777824
813,Jane Miller,24,Operations,59055,-1.5339293073233025,-0.539377904875006
55,George Jones,25,IT,35704,-1.453393991923059,-1.4502423337051664
155,Bob Smith,51,IT,36441,0.6405242084832691,-1.421493796852448
985,Alice Brown,50,IT,39346,0.5599888930830257,-1.3081769724872552
1703,Hannah Garcia,52,Finance,114730,0.7210595238835125,1.632365364154979
630,George Garcia,45,Operations,114899,0.15731231608180873,1.638957633799632
930,Ethan Brown,35,Marketing,31898,-0.6480408379206252,-1.5987049270042795
888,Diana Jones,27,IT,80729,-1.2923233611225722,0.3060709251735955
14,Charlie Johnson,61,Marketing,39110,1.4458773624857029,-1.3173827454821556
236,Diana Miller,44,HR,99249,0.07677700068156534,1.0284900601971307
848,Hannah Smith,27,Marketing,108258,-1.2923233611225722,1.379908742023644
652,Diana Martinez,27,Operations,53705,-1.2923233611225722,-0.748068097767874
1696,Fiona Garcia,34,Finance,35469,-0.7285761533208686,-1.4594090991873765
805,Bob Johnson,49,Marketing,48745,0.4794535776827823,-0.9415453607115422
951,Charlie Jones,40,HR,72870,-0.24536426091940822,-0.0004891170591238684
789,Bob Davis,48,IT,45892,0.3989182622825389,-1.0528337944168416
905,George Williams,24,Finance,63243,-1.5339293073233025,-0.3760144417282153
149,Ethan Smith,23,IT,93646,-1.6144646227235457,0.8099309665936281
51,John Johnson,35,HR,38125,-0.6480408379206252,-1.3558051454820574
133,Charlie Williams,60,Operations,66378,1.3653420470854596,-0.2537258894442637
334,Diana Martinez,43,Sales,93740,-0.0037583147186780403,0.8135976727865122
908,Bob Garcia,31,Sales,87828,-0.9701820995215987,0.5829852577617206
602,Alice Davis,27,Sales,111942,-1.2923233611225722,1.5236124187745461
298,Fiona Rodriguez,55,Sales,72685,0.9626654700842426,-0.007705506906821169
260,,32,IT,55592,-0.8896467841213553,-0.6744609213213615
226,George Davis,62,HR,42323,1.5264126778859464,-1.192051607208364
958,Diana Brown,39,Sales,56170,-0.3258995763196516,-0.6519145789863937
823,Fiona Miller,31,Finance,63365,-0.9701820995215987,-0.3712555251800041
152,Charlie Martinez,49,Operations,48743,0.4794535776827823,-0.9416233757369227
546,Hannah Williams,26,Sales,52168,-1.3728586765228157,-0.808022644772797
1541,John Jones,60,HR,75838,1.3653420470854596,0.11528518060555498
368,Fiona Garcia,44,IT,107866,0.07677700068156534,1.3646177970490638
399,Alice Johnson,44,Finance,98828,0.07677700068156534,1.012067897354533
564,Alice Davis,23,HR,106272,-1.6144646227235457,1.3024398218207962
467,John Jones,61,IT,58671,1.4458773624857029,-0.5543567897480642
482,Alice Jones,31,HR,71991,-0.9701820995215987,-0.03477672071385861
577,Charlie Williams,57,Finance,88005,1.1237361008847293,0.5898895875078959
619,John Rodriguez,24,Marketing,98056,-1.5339293073233025,0.9819540975576556
807,Alice Rodriguez,35,Finance,64521,-0.6480408379206252,-0.32616284051006855
704,Charlie Garcia,29,IT,55051,-1.1312527303220854,-0.6955639856867898
520,Hannah Davis,40,IT,89560,-0.24536426091940822,0.6505462697412434
773,Hannah Johnson,42,IT,49675,-0.08429363011892142,-0.9052683739096044
268,Ethan Martinez,56,Operations,69891,1.043200785484486,-0.11669249736339554
685,Charlie Martinez,44,Operations,79815,0.07677700068156534,0.2704180585747018
847,Charlie Jones,58,Operations,106943,1.2042714162849728,1.3286138628359578
749,Fiona Davis,55,Operations,35105,0.9626654700842426,-1.4736078338066296
1973,Alice Johnson,23,IT,30645,-1.6144646227235457,-1.64758134040517
125,George Williams,48,Sales,108612,0.3989182622825389,1.3937174015159945
976,Bob Garcia,61,Marketing,60090,1.4458773624857029,-0.4990051292405914
919,Fiona Brown,30,Sales,59139,-1.0507174149218421,-0.5361012738090246
737,Jane Rodriguez,63,Operations,111906,1.6069479932861896,1.5222081483176968
987,Fiona Williams,51,Marketing,42763,0.6405242084832691,-1.1748883016246516
1937,Jane Rodriguez,22,Marketing,47071,-1.6949999381237892,-1.0068439369550302
186,Ethan Davis,23,Marketing,111571,-1.6144646227235457,1.509140631566461
655,Ethan Jones,46,Marketing,108645,0.23784763148205212,1.395004649434773
274,Ethan Johnson,56,HR,59301,1.043200785484486,-0.5297820567532032
302,Hannah Williams,49,Marketing,113362,0.4794535776827823,1.5790030867947091
867,George Johnson,61,Sales,60573,1.4458773624857029,-0.480164500611198
114,Charlie Miller,56,HR,54596,1.043200785484486,-0.7133124039608562
447,Hannah Jones,25,Marketing,102930,-1.453393991923059,1.1720767144099618
572,George Jones,43,Finance,53911,-0.0037583147186780403,-0.7400325501536813
933,Bob Garcia,55,IT,115120,0.9626654700842426,1.6475782941041786
461,Ethan Jones,64,IT,79723,1.6874833086864331,0.2668293674071983
143,Bob Johnson,57,Operations,53171,1.1237361008847293,-0.7688981095444705
291,Ethan Rodriguez,43,Finance,114328,-0.0037583147186780403,1.6166843440534961
747,Diana Davis,45,Marketing,45078,0.15731231608180873,-1.0845859097467097
91,Fiona Jones,38,HR,107576,-0.406434891719895,1.3533056183688896
622,Diana Garcia,32,Operations,66735,-0.8896467841213553,-0.23980020741384245
27,Diana Jones,46,Marketing,43669,0.23784763148205212,-1.13954749512728
286,Bob Rodriguez,24,HR,39715,-1.5339293073233025,-1.2937832003045509
879,Alice Garcia,27,Marketing,48489,-1.2923233611225722,-0.9515312839602476
969,George Rodriguez,54,Sales,45036,0.8821301546839992,-1.0862242252797005
776,Alice Rodriguez,49,Operations,80057,0.4794535776827823,0.2798578766457437
264,Hannah Miller,61,HR,98619,1.4458773624857029,1.0039153272022696
703,Hannah Garcia,52,Finance,114730,0.7210595238835125,1.632365364154979
725,Fiona Johnson,59,HR,76850,1.284806731685216,0.15476078344809374
77,Diana Brown,47,Sales,119152,0.3183829468822955,1.8048565852712894
400,Bob Brown,30,Marketing,42411,-1.0507174149218421,-1.1886189460916217
255,Diana Williams,24,HR,90963,-1.5339293073233025,0.7052738100456721
920,Alice Williams,38,Sales,115445,-0.406434891719895,1.6602557357285117
609,Diana Smith,57,Sales,118199,1.1237361008847293,1.7676824256774757
56,,23,Operations,90576,-1.6144646227235457,0.6901779026345432
217,Bob Smith,41,HR,81501,-0.16482894551916483,0.3361847249704729
673,Fiona Brown,62,Marketing,66727,1.5264126778859464,-0.2401122675153645
510,Diana Johnson,44,Marketing,53888,0.07677700068156534,-0.7409297229455571
448,John Johnson,37,Sales,44056,-0.4869702071201384,-1.124451587716151
5,Alice Smith,29,Operations,95661,-1.1312527303220854,0.8885311046644933
696,Fiona Garcia,34,Finance,35469,-0.7285761533208686,-1.4594090991873765
163,Diana Garcia,34,Marketing,106666,-0.7285761533208686,1.3178087818207571
834,George Brown,25,HR,74629,-1.453393991923059,0.06812509776303587
70,Charlie Brown,35,Operations,103297,-0.6480408379206252,1.1863924715672858
417,John Miller,37,Sales,100017,-0.4869702071201384,1.0584478299432472
597,Diana Rodriguez,34,IT,96912,-0.7285761533208686,0.9373295030400032
165,Ethan Miller,24,Marketing,110758,-1.5339293073233025,1.4774275237492833
257,Jane Johnson,45,IT,78604,0.15731231608180873,0.22317996070680218
28,Diana Miller,48,Finance,67380,0.3989182622825389,-0.21464036172862755
913,George Williams,34,Operations,70846,-0.7285761533208686,-0.07944032274420136
328,Jane Martinez,63,Sales,82130,1.6069479932861896,0.3607204504526437
871,Fiona Davis,52,Marketing,102055,0.7210595238835125,1.1379451408059882
769,,48,Finance,39557,0.3989182622825389,-1.2999463873096113
74,John Brown,37,Finance,31367,-0.4869702071201384,-1.6194179162428053
278,George Davis,54,Sales,112205,0.8821301546839992,1.5338713946120832
996,Charlie Miller,54,Sales,101986,0.8821301546839992,1.1352536224303604
110,Jane Smith,56,Finance,89889,1.043200785484486,0.6633797414163375
533,Bob Garcia,26,IT,89765,-1.3728586765228157,0.6585428098427458
1990,John Johnson,57,IT,66116,1.1237361008847293,-0.2639458577691107
643,John Jones,38,IT,119822,-0.406434891719895,1.8309916187737607
567,Hannah Rodriguez,58,Sales,73950,1.2042714162849728,0.04163899664635227
329,Hannah Smith,52,IT,102909,0.7210595238835125,1.1712575566434664
672,Hannah Smith,55,Sales,36643,0.9626654700842426,-1.4136142792890163
667,Charlie Martinez,46,HR,66060,0.23784763148205212,-0.26613027847976506
529,Fiona Garcia,35,Operations,55227,-0.6480408379206252,-0.6886986634533048
294,Diana Johnson,59,Sales,77864,1.284806731685216,0.194314401316013
960,Alice Jones,29,Finance,50095,-1.1312527303220854,-0.8888852185796969
668,Diana Martinez,43,HR,99122,-0.0037583147186780403,1.0235361060854682
558,Diana Jones,28,Marketing,94946,-1.211788045722329,0.8606407330909605
896,George Miller,22,Marketing,81578,-1.6949999381237892,0.3391883034476226
997,Charlie Garcia,25,IT,43230,-1.453393991923059,-1.1566717931983022
178,Fiona Johnson,45,IT,64084,0.15731231608180873,-0.34320912355571026
2,Alice Smith,50,Finance,71235,0.5599888930830257,-0.0642664003076919
768,Hannah Brown,24,IT,67481,-1.5339293073233025,-0.21070060294691173
904,,64,Marketing,81707,1.6874833086864331,0.3442202725846656
612,Alice Rodriguez,41,Sales,52656,-0.16482894551916483,-0.7889869785799521
300,John Jones,51,Finance,66035,0.6405242084832691,-0.2671054662970214
138,George Rodriguez,44,Sales,84691,0.07677700068156534,0.4606186904523885
415,John Rodriguez,33,HR,91949,-0.809111468721112,0.7437352175582642
222,Fiona Miller,40,HR,106329,-0.24536426091940822,1.3046632500441409
94,Charlie Martinez,56,HR,65631,1.043200785484486,-0.28286450142388475
677,John Brown,27,IT,44226,-1.2923233611225722,-1.1178203105588076
388,Alice Brown,37,Finance,39074,-0.4869702071201384,-1.3187870159390047
892,Alice Garcia,41,HR,94166,-0.16482894551916483,0.830214873192561
353,Charlie Garcia,34,Finance,61822,-0.7285761533208686,-0.4314441172610686
899,Bob Johnson,59,Finance,36852,1.284806731685216,-1.405461709136753
8,Jane Brown,40,Marketing,91212,-0.24536426091940822,0.7149866807055458
16,Jane Smith,24,Sales,42115,-1.5339293073233025,-1.2001651698479372
727,Ethan Miller,39,Finance,36397,-0.3258995763196516,-1.4232101274108193
267,Alice Martinez,46,HR,50103,0.23784763148205212,-0.8885731584781749
478,George Johnson,47,Operations,77684,0.3183829468822955,0.18729304903176697
653,Jane Martinez,39,Sales,97364,-0.3258995763196516,0.9549608987759988
332,Alice Rodriguez,45,IT,35656,0.15731231608180873,-1.4521146943142986
820,Ethan Miller,46,Operations,54259,0.23784763148205212,-0.7264579357374723
853,Ethan Garcia,54,Marketing,60651,0.8821301546839992,-0.477121914621358
952,Diana Brown,35,Sales,82756,-0.6480408379206252,0.38513915339674376
64,Ethan Garcia,31,Operations,55923,-0.9701820995215987,-0.6615494346208869
971,Bob Miller,38,Marketing,79416,-0.406434891719895,0.2548540610112898
772,Bob Johnson,40,IT,64742,-0.24536426091940822,-0.31754218020552205
664,Ethan Miller,32,Operations,89664,-0.8896467841213553,0.65460305106103
265,Ethan Johnson,41,Marketing,59328,-0.16482894551916483,-0.5287288539105662
599,George Johnson,46,HR,38894,0.23784763148205212,-1.3258083682232509
479,Ethan Miller,29,Finance,60111,-1.1312527303220854,-0.4981859714740961
431,Fiona Smith,60,Finance,83420,1.3653420470854596,0.4110401418230735
828,Diana Rodriguez,47,HR,37521,0.3183829468822955,-1.3793656831469718
44,John Johnson,47,Finance,61890,0.3183829468822955,-0.42879160639813124
866,Charlie Garcia,52,Finance,39283,0.7210595238835125,-1.3106344457867414
211,John Brown,54,Marketing,62117,0.8821301546839992,-0.4199369010174432
355,,57,Sales,70108,1.1237361008847293,-0.10822786710961005
209,Diana Brown,32,Finance,34358,-0.8896467841213553,-1.5027464457862505
441,,52,IT,119881,0.7210595238835125,1.8332930620224859
484,John Johnson,55,Marketing,90920,0.9626654700842426,0.7035964869999911
750,Alice Martinez,27,Sales,32839,-1.2923233611225722,-1.561998857562749
983,George Smith,63,Operations,76305,1.6069479932861896,0.13350168903190437
472,Diana Davis,33,Sales,53472,-0.809111468721112,-0.7571568482247035
250,Ethan Garcia,30,Sales,88576,-1.0507174149218421,0.6121628772540318
201,John Jones,32,HR,53711,-0.8896467841213553,-0.7478340526917324
954,Diana Jones,25,Marketing,31283,-1.453393991923059,-1.6226945473087868
1285,Jane Miller,28,Operations,95061,-1.211788045722329,0.8651265970503399
459,John Smith,54,Operations,63160,0.8821301546839992,-0.3792520652815065
486,John Miller,28,Finance,66224,-1.211788045722329,-0.2597330463985631
806,Jane Williams,44,IT,58228,0.07677700068156534,-0.5716371178698475
159,Diana Williams,60,HR,51675,1.3653420470854596,-0.8272533485290929
348,Ethan Johnson,63,Marketing,80200,1.6069479932861896,0.28543595096045027
406,John Smith,46,Finance,101229,0.23784763148205212,1.105724935323837
775,Charlie Brown,39,IT,47015,-0.3258995763196516,-1.0090283576656844
386,Bob Martinez,56,Finance,80331,1.043200785484486,0.29054593512287374
633,Ethan Williams,49,Operations,40805,0.4794535776827823,-1.2512650114721722
347,George Smith,50,HR,53429,0.5599888930830257,-0.7588341712703845
1110,Jane Smith,56,Finance,89889,1.043200785484486,0.6633797414163375
107,Fiona Williams,44,IT,103770,0.07677700068156534,1.2048430250697766
122,Jane Johnson,47,Operations,38906,0.3183829468822955,-1.3253402780709678
634,Jane Brown,57,Marketing,65851,1.1237361008847293,-0.27428284863202845
538,Alice Brown,57,IT,94379,1.1237361008847293,0.8385234733955855
60,Diana Johnson,50,IT,57208,0.5599888930830257,-0.6114247808139083
1878,Hannah Brown,36,Sales,36823,-0.5675055225203818,-1.4065929270047703
466,Hannah Smith,54,IT,50281,0.8821301546839992,-0.8816298212193094
705,Hannah Davis,60,HR,57386,1.3653420470854596,-0.6044814435550429
1413,Alice Martinez,50,IT,106373,0.5599888930830257,1.3063795806025122
487,Jane Smith,25,Marketing,37788,-1.453393991923059,-1.3689506772586737
645,Diana Jones,54,Operations,84341,0.8821301546839992,0.446966061010799
182,Jane Miller,23,Operations,61910,-1.6144646227235457,-0.4280114561443261
585,Ethan Garcia,40,Sales,94028,-0.24536426091940822,0.8248318364413058
808,,45,Sales,56928,0.15731231608180873,-0.6223468843671799
323,George Smith,44,Finance,108222,0.07677700068156534,1.378504471566795
398,George Rodriguez,47,Operations,71779,0.3183829468822955,-0.043046313404192814
524,John Williams,40,Sales,36910,-0.24536426091940822,-1.4031992734007182
856,Jane Brown,27,HR,46994,-1.2923233611225722,-1.0098475154321798
1595,Hannah Williams,22,Sales,57044,-1.6949999381237892,-0.6178220128951103
724,George Brown,55,Operations,64865,0.9626654700842426,-0.3127442561446206
410,Bob Smith,60,Marketing,57605,1.3653420470854596,-0.5959387982758768
1838,George Smith,39,Operations,80669,-0.3258995763196516,0.30373047441218015
333,Jane Jones,53,IT,104520,0.8015948392837559,1.2340986595874683
755,Diana Garcia,32,IT,47069,-0.8896467841213553,-1.0069219519804107
748,John Johnson,26,Operations,86614,-1.3728586765228157,0.5356301373557502
173,Hannah Brown,63,Operations,111929,1.6069479932861896,1.5231053211095726
49,Hannah Rodriguez,29,Sales,108916,-1.1312527303220854,1.4055756853738324
818,Fiona Davis,56,HR,37345,1.043200785484486,-1.386231005380457
116,Alice Johnson,56,IT,94106,1.043200785484486,0.8278744224311457
220,Fiona Jones,47,Finance,47625,0.3183829468822955,-0.9852337749246285
600,Fiona Williams,54,HR,48037,0.8821301546839992,-0.9691626796962431
292,Hannah Rodriguez,51,IT,65585,0.6405242084832691,-0.2846588470076365
360,Hannah Johnson,35,Marketing,104270,-0.6480408379206252,1.2243467814149045
594,George Martinez,60,Finance,33754,1.3653420470854596,-1.526306983451165
492,Charlie Garcia,42,Sales,46531,-0.08429363011892142,-1.0279079938077682
742,Charlie Garcia,31,Marketing,32096,-0.9701820995215987,-1.5909814394916089
723,Ethan Johnson,59,Finance,38329,1.284806731685216,-1.3478476128932453
732,Ethan Davis,59,HR,53284,1.284806731685216,-0.7644902606104715
136,Ethan Rodriguez,51,IT,43467,0.6405242084832691,-1.1474270126907116
224,Bob Johnson,53,Marketing,69532,0.8015948392837559,-0.13069619441919733
900,Charlie Martinez,58,Finance,32551,1.2042714162849728,-1.5732330212175425
629,Diana Johnson,33,Marketing,67900,-0.809111468721112,-0.1943564551296946
972,Bob Garcia,54,Sales,39587,0.8821301546839992,-1.2987761619289035
146,Hannah Brown,28,HR,78713,-1.211788045722329,0.22743177959004007
232,Alice Martinez,22,Finance,40106,-1.6949999381237892,-1.2785312628426608
57,Diana Johnson,27,Finance,103384,-1.2923233611225722,1.189786125171338
30,Bob Miller,49,HR,77414,0.4794535776827823,0.17676102060539794
992,Charlie Williams,59,Operations,55556,1.284806731685216,-0.6758651917782107
699,Diana Davis,61,Finance,106256,1.4458773624857029,1.3018157016177523
460,Fiona Jones,54,Sales,94641,0.8821301546839992,0.8487434417204325
777,Fiona Miller,63,Operations,62591,1.6069479932861896,-0.401447340002262
429,Hannah Brown,47,HR,46052,0.3183829468822955,-1.0465925923864006
442,Alice Smith,31,Marketing,40749,-0.9701820995215987,-1.2534494321828265
817,Ethan Garcia,59,Marketing,36304,1.284806731685216,-1.426837826091013
842,Charlie Martinez,29,IT,43140,-1.1312527303220854,-1.1601824693404252
532,Diana Garcia,37,Finance,47153,-0.4869702071201384,-1.0036453209144292
522,Hannah Martinez,33,Finance,91558,-0.809111468721112,0.7284832800963743
1877,John Brown,25,Marketing,57624,-1.453393991923059,-0.5951976555347619
233,,32,IT,98008,-0.8896467841213553,0.9800817369485234
1493,Diana Williams,57,Operations,118340,1.1237361008847293,1.7731824849668019
435,Bob Davis,58,Operations,83744,1.2042714162849728,0.42367857593471636
364,John Jones,49,IT,85099,0.4794535776827823,0.4765337556300128
601,Bob Miller,59,Finance,113986,1.284806731685216,1.6033437747134287
838,George Smith,39,Operations,80669,-0.3258995763196516,0.30373047441218015
86,Ethan Jones,45,Marketing,109973,0.15731231608180873,1.4468066262874326
675,Jane Davis,22,Finance,95697,-1.6949999381237892,0.8899353751213425
321,Charlie Garcia,42,Finance,70461,-0.08429363011892142,-0.0944582151299498
607,Jane Martinez,32,Operations,86447,-0.8896467841213553,0.5291158827364775
120,George Miller,22,IT,69310,-1.6949999381237892,-0.1393558622364341
616,Diana Johnson,36,IT,68787,-0.5675055225203818,-0.15975679137343782
156,Alice Johnson,32,Sales,54611,-0.8896467841213553,-0.7127272912705023
937,Jane Rodriguez,22,Marketing,47071,-1.6949999381237892,-1.0068439369550302
463,Bob Rodriguez,33,Sales,36172,-0.809111468721112,-1.4319868177661268
144,Diana Williams,34,Finance,116365,-0.7285761533208686,1.6961426474035468
380,Charlie Brown,26,Sales,67846,-1.3728586765228157,-0.1964628608149684
476,Ethan Johnson,44,Marketing,55431,0.07677700068156534,-0.6807411308644926
527,Bob Smith,28,IT,64964,-1.211788045722329,-0.3088825123882853
117,Fiona Garcia,58,IT,99967,1.2042714162849728,1.0564974543087342
766,Jane Miller,24,Marketing,31431,-1.5339293073233025,-1.616921435430629
587,Hannah Johnson,24,Sales,54858,-1.5339293073233025,-0.7030924356360092
620,Bob Martinez,37,Sales,33081,-0.4869702071201384,-1.552559039491707
253,Alice Jones,40,HR,30661,-0.24536426091940822,-1.6469572202021259
251,Fiona Davis,62,Finance,39686,1.5264126778859464,-1.2949144181725682
743,Hannah Miller,38,Marketing,55279,-0.406434891719895,-0.6866702727934115
171,Charlie Smith,58,Finance,82249,1.2042714162849728,0.36536234446278415
646,Fiona Johnson,41,IT,42087,-0.16482894551916483,-1.2012573802032644
62,Hannah Williams,47,Finance,96024,0.3183829468822955,0.9026908317710561
241,Jane Smith,28,Operations,34255,-1.211788045722329,-1.5067642195933468
841,Fiona Johnson,55,Sales,77945,0.9626654700842426,0.19747400984392371
715,George Jones,44,Marketing,79811,0.07677700068156534,0.2702620285239408
103,Bob Smith,29,IT,41556,-1.1312527303220854,-1.2219703694417903
1130,Ethan Smith,63,Finance,80115,1.6069479932861896,0.28212031238177854
557,Ethan Martinez,59,Sales,106971,1.284806731685216,1.329706073191285
684,Bob Martinez,24,Marketing,108229,-1.5339293073233025,1.3787775241556266
814,Ethan Jones,44,IT,72891,0.07677700068156534,0.00033004070737150087
305,Hannah Garcia,40,Finance,34437,-0.24536426091940822,-1.4996648522837204
736,Ethan Davis,51,IT,100553,0.6405242084832691,1.0793558567452242
752,George Garcia,34,HR,73619,-0.7285761533208686,0.028727509945877635
269,Diana Williams,46,Sales,40754,0.23784763148205212,-1.2532543946193753
71,Hannah Martinez,44,IT,55426,0.07677700068156534,-0.6809361684279439
756,George Williams,44,Sales,37531,0.07677700068156534,-1.3789756080200692
1623,Ethan Miller,33,Finance,110102,-0.809111468721112,1.4518385954244755
344,Hannah Johnson,30,Finance,41138,-1.0507174149218421,-1.2382755097463172
770,John Martinez,50,Operations,104971,0.5599888930830257,1.2516910478107737
613,Alice Johnson,39,Operations,85147,-0.3258995763196516,0.4784061162391451
501,John Davis,39,HR,58138,-0.3258995763196516,-0.5751477940119706
975,Diana Martinez,61,Marketing,111835,1.4458773624857029,1.5194386149166887
320,Diana Davis,54,Operations,61750,0.8821301546839992,-0.434252658174767
875,Jane Jones,49,HR,30781,0.4794535776827823,-1.6422763186792952
1200,Fiona Johnson,25,Marketing,70390,-1.453393991923059,-0.09722774853095795
48,Fiona Johnson,28,Marketing,72287,-1.211788045722329,-0.02323049695754293
944,Hannah Jones,58,Marketing,32591,1.2042714162849728,-1.5716727207099324
539,Bob Garcia,44,Finance,87866,0.07677700068156534,0.5844675432439503
432,Charlie Jones,57,Operations,30671,1.1237361008847293,-1.6465671450752233
93,Diana Johnson,56,Finance,36471,1.043200785484486,-1.4203235714717404
885,Charlie Jones,29,HR,50354,-1.1312527303220854,-0.8787822727929208
741,Ethan Rodriguez,25,Marketing,72963,-1.453393991923059,0.0031385816210699096
246,Fiona Williams,33,HR,75113,-0.809111468721112,0.08700473390511962
779,George Miller,42,Marketing,37896,-0.08429363011892142,-1.364737865888126
354,Hannah Brown,28,IT,76659,-1.211788045722329,0.1473103485242549
434,Bob Smith,51,Sales,71424,0.6405242084832691,-0.05689398040923358
956,Charlie Davis,63,IT,31125,1.6069479932861896,-1.6288577343138473
687,Alice Brown,58,Finance,92539,1.2042714162849728,0.7667496500455151
617,Diana Johnson,52,IT,92946,0.7210595238835125,0.7826257077104491
719,Hannah Smith,35,IT,114045,-0.6480408379206252,1.6056452179621536
424,Alice Jones,51,HR,35542,0.6405242084832691,-1.456561550760988
330,Bob Smith,24,IT,85249,-1.5339293073233025,0.48238488253355116
195,Diana Rodriguez,23,Finance,71621,-1.6144646227235457,-0.04920950040925321
787,Charlie Rodriguez,35,IT,48681,-0.6480408379206252,-0.9440418415237185
711,Diana Jones,26,IT,107984,-1.3728586765228157,1.369220683546514
446,Charlie Johnson,26,IT,51223,-1.3728586765228157,-0.8448847442650885
598,John Williams,49,Finance,38706,0.4794535776827823,-1.333141780609019
912,Alice Smith,23,Marketing,51038,-1.6144646227235457,-0.8521011341127859
554,Fiona Martinez,30,HR,32461,-1.0507174149218421,-1.5767436973596656
978,John Martinez,27,Marketing,82142,-1.2923233611225722,0.3611885406049268
631,Fiona Rodriguez,49,Sales,77701,0.4794535776827823,0.1879561767475013
963,John Garcia,35,IT,39752,-0.6480408379206252,-1.2923399223350114
948,George Brown,42,Finance,84400,-0.08429363011892142,0.4492675042595241
793,,51,Sales,44289,0.6405242084832691,-1.1153628372593214
147,Ethan Brown,43,Operations,59734,-0.0037583147186780403,-0.5128918037583224
665,Bob Martinez,42,Finance,57766,-0.08429363011892142,-0.5896585887327457
534,,56,Finance,69071,1.043200785484486,-0.1486786577694052
816,John Miller,39,HR,36588,-0.3258995763196516,-1.4157596924869804
11,Hannah Brown,32,Sales,36638,-0.8896467841213553,-1.4138093168524677
234,Ethan Miller,49,Operations,102240,0.4794535776827823,1.1451615306536853
115,Hannah Brown,22,Sales,63174,-1.6949999381237892,-0.37870596010384294
499,Hannah Miller,56,IT,94027,1.043200785484486,0.8247928289286155
416,Alice Davis,47,IT,92646,0.3183829468822955,0.7709234539033725
235,Alice Williams,46,IT,94315,0.23784763148205212,0.8360269925834092
957,Fiona Davis,46,IT,97065,0.23784763148205212,0.9432976524816122
780,John Martinez,27,Marketing,62972,-1.2923233611225722,-0.3865854776672746
18,George Martinez,23,Finance,52911,-1.6144646227235457,-0.779040062843937
485,Jane Miller,62,Marketing,93530,1.5264126778859464,0.8054060951215585
812,Diana Williams,28,IT,92292,-1.211788045722329,0.7571147944110219
247,Jane Rodriguez,26,Sales,104069,-1.3728586765228157,1.216506271364163
798,Charlie Smith,22,Operations,95428,-1.6949999381237892,0.8794423542076637
45,Alice Miller,23,Marketing,109134,-1.6144646227235457,1.4140793231403082
786,Hannah Garcia,55,HR,70785,0.9626654700842426,-0.08181978101830696
372,Ethan Smith,43,Finance,101966,-0.0037583147186780403,1.1344734721765553
239,Fiona Martinez,63,IT,98011,1.6069479932861896,0.9801987594865942
285,Jane Miller,28,Operations,95061,-1.211788045722329,0.8651265970503399
457,Charlie Martinez,33,Marketing,62784,-0.809111468721112,-0.39391889005304265
690,Fiona Williams,40,Operations,67861,-0.24536426091940822,-0.19587774812461456
1674,Ethan Rodriguez,56,IT,41005,1.043200785484486,-1.243463508934121
870,Jane Smith,45,IT,35774,0.15731231608180873,-1.4475118078168485
465,George Smith,22,IT,119097,-1.6949999381237892,1.8027111720733253
87,Fiona Garcia,22,IT,93449,-1.6949999381237892,0.8022464865936477
426,George Martinez,33,Finance,52740,-0.809111468721112,-0.7857103475139707
261,Fiona Smith,29,Sales,58982,-1.1312527303220854,-0.5422254533013947
745,Jane Brown,38,Operations,49715,-0.406434891719895,-0.9037080734019941
980,Ethan Brown,24,Sales,48888,-1.5339293073233025,-0.9359672863968356
547,Ethan Davis,56,Finance,100119,1.043200785484486,1.0624265962376531
868,Fiona Miller,58,Sales,108707,1.2042714162849728,1.3974231152215688
6,Jane Jones,42,Operations,75272,-0.08429363011892142,0.09320692842287027
683,Diana Brown,59,Operations,85506,1.284806731685216,0.4924098132949469
938,Ethan Williams,61,HR,50074,1.4458773624857029,-0.8897043763461924
797,Ethan Johnson,57,HR,107454,1.1237361008847293,1.3485467018206785
735,Jane Brown,36,Operations,55122,-0.5675055225203818,-0.6927944522857816
362,Jane Garcia,44,Finance,58179,0.07677700068156534,-0.5735484859916701
177,Hannah Brown,53,Finance,101831,0.8015948392837559,1.1292074579633709
548,,44,Finance,68714,0.07677700068156534,-0.16260433979982647
389,George Garcia,34,Sales,36406,-0.7285761533208686,-1.4228590597966069
860,Ethan Rodriguez,32,IT,67823,-0.8896467841213553,-0.1973600336068443
311,Bob Jones,50,IT,117468,0.5599888930830257,1.739167933900899
914,Jane Miller,61,HR,117983,1.4458773624857029,1.7592568029363806
52,George Garcia,38,IT,66059,-0.406434891719895,-0.2661692859924553
623,Ethan Miller,33,Finance,110102,-0.809111468721112,1.4518385954244755
637,Fiona Martinez,49,HR,43944,0.4794535776827823,-1.1288204291374597
277,Ethan Johnson,57,IT,48752,1.1237361008847293,-0.9412723081227103
535,Charlie Williams,33,Finance,99519,-0.809111468721112,1.0390220886234998
312,Hannah Davis,27,HR,64594,-1.2923233611225722,-0.3233152920836799
713,George Rodriguez,51,Marketing,75253,0.6405242084832691,0.09246578568175541
444,Bob Miller,53,HR,67487,0.8015948392837559,-0.21046655787077018
932,Diana Williams,30,Operations,36629,-1.0507174149218421,-1.41416038446668
196,Hannah Rodriguez,47,Sales,107231,0.3183829468822955,1.3398480264907515
734,Hannah Miller,45,Marketing,113369,0.15731231608180873,1.5792761393835408
641,Ethan Miller,57,Marketing,45379,1.1237361008847293,-1.0728446484269427
303,,54,IT,95450,0.8821301546839992,0.8803005194868494
455,Fiona Miller,41,Operations,83352,-0.16482894551916483,0.40838763096013614
242,Fiona Jones,37,Finance,44484,-0.4869702071201384,-1.1077563722847215
21,Fiona Smith,59,Marketing,31969,1.284806731685216,-1.5959353936032714
666,Ethan Davis,47,Finance,98099,0.3183829468822955,0.9836314206033366
966,Jane Martinez,54,Marketing,54217,0.8821301546839992,-0.7280962512704631
385,Hannah Martinez,51,IT,100984,0.6405242084832691,1.0961680947147243
121,Jane Davis,26,Marketing,86088,-1.3728586765228157,0.5151121856806757
3,Fiona Garcia,36,HR,65057,-0.5675055225203818,-0.3052548137080915
129,Hannah Rodriguez,47,Operations,36012,0.3183829468822955,-1.4382280197965678
207,Jane Brown,27,HR,116936,-1.2923233611225722,1.7184159371496828
901,Bob Brown,32,HR,101947,-0.8896467841213553,1.1337323294354404
573,Alice Rodriguez,38,Sales,85533,-0.406434891719895,0.4934630161375838
135,,25,Sales,102430,-1.453393991923059,1.152572958064834
256,Diana Williams,41,Marketing,72828,-0.16482894551916483,-0.0021274325921146068
214,Hannah Miller,37,Operations,85754,-0.4869702071201384,0.5020836764421303
205,Charlie Jones,26,Marketing,87784,-1.3728586765228157,0.5812689272033493
949,Charlie Davis,58,Operations,55150,1.2042714162849728,-0.6917022419304545
139,Fiona Johnson,60,Operations,94157,1.3653420470854596,0.8298638055783487
512,Alice Smith,56,IT,91063,1.043200785484486,0.7091745613146977
63,Hannah Garcia,55,IT,69882,0.9626654700842426,-0.11704356497760783
530,Fiona Johnson,52,Sales,35978,0.7210595238835125,-1.4395542752280364
92,Bob Miller,29,HR,52612,-1.1312527303220854,-0.7907033091383234
335,Jane Davis,44,Finance,94309,0.07677700068156534,0.8357929475072676
611,Charlie Smith,40,HR,95095,-0.24536426091940822,0.8664528524818086
252,Jane Williams,56,Operations,83363,1.043200785484486,0.408816713599729
782,John Garcia,26,HR,71800,-1.3728586765228157,-0.042227155637697446
188,John Brown,49,Operations,98576,0.4794535776827823,1.0022380041565886
123,Diana Brown,35,Operations,66914,-0.6480408379206252,-0.23281786264228668
363,Ethan Davis,36,Sales,82188,-0.5675055225203818,0.3629828861886785
910,Jane Smith,44,Finance,36710,0.07677700068156534,-1.4110007759387693
445,John Rodriguez,22,Operations,63361,-1.6949999381237892,-0.37141155523076513
187,John Smith,23,Sales,95481,-1.6144646227235457,0.8815097523802473
568,Jane Miller,59,Finance,86849,1.284806731685216,0.5447969028379602
549,Ethan Garcia,50,HR,84093,0.5599888930830257,0.4372921978636156
649,Jane Williams,50,Finance,39596,0.5599888930830257,-1.2984250943146913
907,Charlie Smith,27,HR,105939,-1.2923233611225722,1.2894503200949412
837,Charlie Williams,62,HR,97169,1.5264126778859464,0.9473544338013988
889,Fiona Garcia,47,Marketing,71971,0.3183829468822955,-0.035556870967663724
658,Charlie Miller,51,Marketing,110073,0.6405242084832691,1.450707377556458
490,Fiona Williams,57,Sales,106816,1.1237361008847293,1.3236599087242955
494,Hannah Johnson,31,HR,74857,-0.9701820995215987,0.07701881065641417
603,John Jones,53,Operations,81612,0.8015948392837559,0.34051455887909127
943,Fiona Williams,62,Marketing,35906,1.5264126778859464,-1.4423628161417348
940,Fiona Johnson,50,Sales,69901,0.5599888930830257,-0.11630242223649298
589,Charlie Rodriguez,49,Marketing,74638,0.4794535776827823,0.06847616537724817
319,George Miller,56,IT,82290,1.043200785484486,0.3669616524830846
1249,Alice Jones,53,HR,49201,0.8015948392837559,-0.9237579349247855
682,John Smith,26,HR,35997,-1.3728586765228157,-1.4388131324869216
275,Bob Rodriguez,37,Marketing,92711,-0.4869702071201384,0.7734589422282391
550,Jane Davis,64,Marketing,85419,1.6874833086864331,0.4890161596908946
632,Alice Davis,29,Sales,49033,-1.1312527303220854,-0.9303111970567485
503,Jane Johnson,53,Operations,106295,0.8015948392837559,1.3033369946126723
304,Diana Jones,26,Finance,40382,-1.3728586765228157,-1.2677651893401503
606,John Martinez,42,HR,39496,-0.08429363011892142,-1.302325845583717
765,Fiona Davis,46,IT,110797,0.23784763148205212,1.4789488167442033
941,Ethan Miller,29,Sales,41205,-1.1312527303220854,-1.23566200639607
850,Jane Miller,55,Sales,99286,0.9626654700842426,1.0299333381666702
161,John Martinez,22,Operations,72668,-1.6949999381237892,-0.008368634622555516
314,Hannah Williams,62,Marketing,90631,1.5264126778859464,0.6923233158325073
61,Ethan Williams,39,Operations,115150,-0.3258995763196516,1.6487485194848863
203,Ethan Davis,59,IT,104696,1.284806731685216,1.2409639818209535
296,Alice Rodriguez,48,Finance,85114,0.3989182622825389,0.47711886832036665
299,Jane Smith,42,Sales,48073,-0.08429363011892142,-0.9677584092393939
794,Ethan Johnson,64,Marketing,37927,1.6874833086864331,-1.363528632994728
366,Hannah Jones,23,Operations,108213,-1.6144646227235457,1.3781534039525827
872,Ethan Miller,27,IT,40983,-1.2923233611225722,-1.2443216742133067
945,Hannah Williams,35,Sales,92987,-0.6480408379206252,0.7842250157307497
916,Ethan Davis,41,Operations,67991,-0.16482894551916483,-0.19080677147488131
923,George Davis,36,IT,114742,-0.5675055225203818,1.632833454307262
915,Bob Smith,23,Marketing,97821,-1.6144646227235457,0.9727873320754455
822,George Brown,49,Operations,45352,0.4794535776827823,-1.0738978512695796
857,Ethan Brown,27,Finance,97263,-1.2923233611225722,0.951021139994283
39,Alice Garcia,39,Operations,80138,-0.3258995763196516,0.2830174851736544
493,Diana Williams,57,Operations,118340,1.1237361008847293,1.7731824849668019
974,Hannah Williams,35,IT,60930,-0.6480408379206252,-0.46623881858077665
170,Ethan Jones,30,Finance,39435,-1.0507174149218421,-1.3047053038578225
41,Charlie Martinez,46,IT,67208,0.23784763148205212,-0.22134965391135153
377,John Miller,58,HR,79841,1.2042714162849728,0.2714322539046485
855,George Miller,42,Operations,78777,-0.08429363011892142,0.22992826040221642
692,Ethan Garcia,42,Marketing,73934,-0.08429363011892142,0.041014876443308174
678,Alice Martinez,49,Sales,93646,0.4794535776827823,0.8099309665936281
946,George Johnson,51,Finance,93370,0.6405242084832691,0.7991648930911176
605,Fiona Brown,37,Marketing,35926,-0.4869702071201384,-1.4415826658879296
644,George Davis,30,HR,35110,-1.0507174149218421,-1.4734127962431782
1060,Diana Johnson,50,IT,57208,0.5599888930830257,-0.6114247808139083
717,Alice Williams,58,Marketing,113930,1.2042714162849728,1.6011593540027742
409,Ethan Miller,37,IT,56715,-0.4869702071201384,-0.6306554845702044
127,Ethan Rodriguez,36,IT,76881,-0.5675055225203818,0.15597001634149166
341,John Williams,38,Sales,67685,-0.406434891719895,-0.20274307035809958
507,,58,IT,58270,1.2042714162849728,-0.5699988023368567
854,Jane Rodriguez,43,HR,100202,-0.0037583147186780403,1.0656642197909443
54,Diana Johnson,61,HR,47087,1.4458773624857029,-1.006219816751986
370,George Miller,46,IT,90545,0.23784763148205212,0.6889686697411452
657,Hannah Garcia,31,Finance,89796,-0.9701820995215987,0.6597520427361437
733,Bob Brown,54,Finance,91330,0.8821301546839992,0.7195895672029959
176,John Smith,53,Finance,61401,0.8015948392837559,-0.44786628010366625
878,Hannah Brown,36,Sales,36823,-0.5675055225203818,-1.4065929270047703
618,Alice Martinez,22,HR,51727,-1.6949999381237892,-0.8252249578691997
46,George Smith,41,Marketing,77055,-0.16482894551916483,0.16275732354959616
237,Jane Miller,52,Sales,100587,0.7210595238835125,1.0806821121766927
712,Hannah Smith,51,IT,89792,0.6405242084832691,0.6595960126853827
968,George Smith,36,Finance,62994,-0.5675055225203818,-0.38572731238808894
981,Hannah Rodriguez,28,Marketing,73732,-1.211788045722329,0.03313535887987653
83,Charlie Smith,46,HR,113360,0.23784763148205212,1.5789250717693286
1439,Jane Brown,57,Sales,52420,1.1237361008847293,-0.7981927515748525
137,Charlie Miller,58,Sales,61010,1.2042714162849728,-0.4631182175655562
7,Hannah Garcia,60,Sales,119393,1.3653420470854596,1.814257395829641
68,Bob Davis,36,Operations,94965,-0.5675055225203818,0.8613818758320754
301,Jane Garcia,54,Finance,94977,0.8821301546839992,0.8618499659843584
449,Charlie Smith,45,IT,58380,0.15731231608180873,-0.5657079759409287
284,Charlie Smith,29,Marketing,40699,-1.1312527303220854,-1.2553998078173394
25,John Davis,33,Finance,40225,-0.809111468721112,-1.2738893688325206
831,Ethan Miller,34,Finance,48474,-0.7285761533208686,-0.9521163966506014
610,Diana Rodriguez,56,Marketing,71321,1.043200785484486,-0.06091175421632992
999,Jane Brown,23,Finance,100969,-1.6144646227235457,1.0955829820243705
709,John Johnson,33,Sales,51621,-0.809111468721112,-0.8293597542143668
662,Charlie Brown,39,Finance,67804,-0.3258995763196516,-0.19810117634795912
967,Ethan Jones,44,IT,118708,0.07677700068156534,1.787537249636816
79,John Davis,62,HR,39108,1.5264126778859464,-1.3174607605075361
266,Charlie Garcia,56,Sales,76479,1.043200785484486,0.14028899624000887
744,Jane Rodriguez,31,IT,56201,-0.9701820995215987,-0.6507053460929958
811,Alice Garcia,35,Operations,117896,-0.6480408379206252,1.7558631493323282
865,Jane Jones,24,Finance,93870,-1.5339293073233025,0.8186686494362454
781,Diana Johnson,22,IT,79733,-1.6949999381237892,0.26721944253410085
413,Alice Martinez,50,IT,106373,0.5599888930830257,1.3063795806025122
258,Jane Brown,54,Operations,40526,0.8821301546839992,-1.2621481075127536
508,John Davis,33,IT,108815,-0.809111468721112,1.4016359265921166
792,Diana Johnson,43,IT,60682,-0.0037583147186780403,-0.4759126817279601
861,Charlie Garcia,51,Finance,93878,0.6405242084832691,0.8189807095377675
929,Charlie Brown,26,IT,109473,-1.3728586765228157,1.4273028699423047
984,Alice Martinez,36,HR,76037,-0.5675055225203818,0.12304767563091587
917,Jane Williams,22,Operations,109057,-1.6949999381237892,1.4110757446631583
352,Jane Rodriguez,45,Finance,46920,0.15731231608180873,-1.0127340713712587
481,George Martinez,47,Sales,52614,0.3183829468822955,-0.7906252941129429
881,George Garcia,59,Marketing,59118,1.284806731685216,-0.5369204315755199
800,Fiona Rodriguez,56,Operations,107465,1.043200785484486,1.3489757844602714
134,Fiona Jones,53,Operations,72652,0.8015948392837559,-0.008992754825599606
309,Hannah Brown,49,Operations,42329,0.4794535776827823,-1.1918175621322225
414,George Williams,24,Sales,99252,-1.5339293073233025,1.0286070827352014
1403,Diana Brown,22,HR,72468,-1.6949999381237892,-0.01617013716060665
961,Diana Garcia,60,Marketing,46154,1.3653420470854596,-1.0426138260919946
596,Bob Garcia,24,HR,97260,-1.5339293073233025,0.9509041174562122
771,Jane Jones,53,Finance,30162,0.8015948392837559,-1.6664219690345634
108,Bob Garcia,45,IT,56966,0.15731231608180873,-0.6208645988849502
148,Jane Williams,49,Marketing,102588,0.4794535776827823,1.1587361450698943
1040,Bob Jones,25,HR,72823,-1.453393991923059,-0.0023224701555658854
20,John Brown,51,Finance,108131,0.6405242084832691,1.3749547879119817
230,John Johnson,39,IT,61367,-0.3258995763196516,-0.44919253553513494
495,Ethan Brown,58,Finance,40142,1.2042714162849728,-1.2771269923858117
758,Diana Johnson,52,Operations,37736,0.7210595238835125,-1.370979067918567
219,Bob Jones,40,Marketing,68467,-0.24536426091940822,-0.17223919543431962
295,Ethan Johnson,29,Marketing,114416,-1.1312527303220854,1.6201170051702385
439,Jane Brown,57,Sales,52420,1.1237361008847293,-0.7981927515748525
1531,Diana Garcia,40,HR,117527,-0.24536426091940822,1.741469377149624
819,Alice Williams,36,Marketing,59300,-0.5675055225203818,-0.5298210642658935
166,Diana Smith,60,HR,95429,1.3653420470854596,0.879481361720354
586,Hannah Brown,60,IT,85731,1.3653420470854596,0.5011865036502544
636,Alice Johnson,29,Marketing,93437,-1.1312527303220854,0.8017783964413647
821,Jane Martinez,58,Marketing,118553,1.2042714162849728,1.7814910851698262
208,Charlie Miller,43,HR,47727,-0.0037583147186780403,-0.9812550086302224
345,Ethan Miller,64,Operations,65298,1.6874833086864331,-0.29585400314973986
98,Charlie Smith,60,Finance,34760,1.3653420470854596,-1.4870654256847677
387,Charlie Davis,61,HR,58141,1.4458773624857029,-0.5750307714738998
583,Fiona Brown,31,Sales,115457,-0.9701820995215987,1.6607238258807948
204,Bob Martinez,45,Sales,57213,0.15731231608180873,-0.611229743250457
689,John Garcia,31,IT,51817,-0.9701820995215987,-0.8217142817270767
731,Charlie Martinez,55,Marketing,114530,0.9626654700842426,1.6245638616169278
425,Alice Johnson,26,Operations,90428,-1.3728586765228157,0.6844047907563854
468,George Smith,31,Marketing,81431,-0.9701820995215987,0.333454199082155
1680,Hannah Jones,26,Finance,58731,-1.3728586765228157,-0.5520163389866489
82,Ethan Martinez,22,Sales,61324,-1.6949999381237892,-0.45086985858081596
883,Bob Davis,36,Marketing,52263,-0.5675055225203818,-0.8043169310672227
790,George Jones,30,Sales,77299,-1.0507174149218421,0.17227515664601853
412,Alice Miller,43,Operations,39956,-0.0037583147186780403,-1.2843823897461992
325,Diana Smith,24,IT,36721,-1.5339293073233025,-1.4105716932991763
570,Diana Smith,29,Finance,45997,-1.1312527303220854,-1.0487380055843647
518,George Miller,43,HR,56189,-0.0037583147186780403,-0.6511734362452788
322,Alice Williams,53,Sales,103800,0.8015948392837559,1.2060132504504844
17,Jane Brown,43,HR,69062,-0.0037583147186780403,-0.1490297253836175
931,Jane Garcia,32,HR,34135,-0.8896467841213553,-1.5114451211161777
669,Hannah Miller,48,HR,46087,0.3989182622825389,-1.0452273294422416
574,Bob Martinez,28,Sales,112566,-1.211788045722329,1.5479531066932655
218,Hannah Johnson,57,Sales,90946,1.1237361008847293,0.7046106823299377
392,,40,Marketing,76851,-0.24536426091940822,0.154799790960784
795,John Jones,38,HR,78330,-0.406434891719895,0.21249190222967212
361,Ethan Miller,33,Operations,63613,-0.809111468721112,-0.36158166203282066
714,John Rodriguez,38,HR,64051,-0.406434891719895,-0.3444963714744887
338,Bob Jones,63,Finance,35901,1.6069479932861896,-1.442557853705186
29,Charlie Williams,63,Operations,78320,1.6069479932861896,0.2121018271027696
404,George Smith,55,Finance,62371,0.9626654700842426,-0.41002899279411825
760,George Jones,37,Operations,97155,-0.4869702071201384,0.9468083286237353
882,Fiona Garcia,23,Operations,111816,-1.6144646227235457,1.5186974721755737
859,Jane Williams,51,Sales,40800,0.6405242084832691,-1.2514600490356236
1161,John Martinez,22,Operations,72668,-1.6949999381237892,-0.008368634622555516
774,Fiona Brown,26,Marketing,103997,-1.3728586765228157,1.2136977304504646
526,Bob Martinez,30,IT,76857,-1.0507174149218421,0.15503383603692553
215,Charlie Williams,50,Operations,92438,0.5599888930830257,0.7628098912637993
591,,49,Operations,50567,0.4794535776827823,-0.8704736725898963
979,Alice Smith,27,Finance,56475,-1.2923233611225722,-0.6400172876158657
694,John Jones,30,Sales,87775,-1.0507174149218421,0.580917859589137
1367,Bob Johnson,53,Operations,48268,0.8015948392837559,-0.9601519442647941
880,Ethan Smith,51,Marketing,69961,0.6405242084832691,-0.11396197147507764
289,Alice Rodriguez,33,Marketing,35782,-0.809111468721112,-1.4471997477153264
824,Charlie Williams,60,Finance,49446,1.3653420470854596,-0.9142010943156729
679,John Williams,38,Sales,90603,-0.406434891719895,0.69123110547718
559,Ethan Rodriguez,34,Sales,114080,-0.7285761533208686,1.6070104809063126
450,Hannah Davis,37,Operations,56035,-0.4869702071201384,-0.6571805931995782
197,John Rodriguez,53,Finance,98388,0.8015948392837559,0.9949045917708206
921,Diana Williams,30,Operations,107067,-1.0507174149218421,1.3334507944095495
19,Charlie Johnson,45,Finance,62556,0.15731231608180873,-0.40281260294642096
903,Hannah Garcia,34,Sales,79159,-0.7285761533208686,0.24482913024989408
50,George Williams,56,Sales,56984,1.043200785484486,-0.6201624636565256
318,George Miller,52,Finance,103861,0.7210595238835125,1.2083927087245898
33,Fiona Davis,24,HR,85409,-1.5339293073233025,0.4886260845639921
59,George Rodriguez,25,Operations,102460,-1.453393991923059,1.1537431834455416
118,Charlie Miller,35,Marketing,89182,-0.6480408379206252,0.6358014299443268
69,Jane Smith,29,Marketing,66321,-1.1312527303220854,-0.2559493176676083
569,John Smith,40,HR,58044,-0.24536426091940822,-0.5788145002048546
517,Alice Davis,46,HR,36979,0.23784763148205212,-1.4005077550250904
97,Alice Johnson,63,Finance,31177,1.6069479932861896,-1.6268293436539538
401,John Smith,33,Marketing,87009,-0.809111468721112,0.5510381048684012
140,Bob Brown,36,Finance,42289,-0.5675055225203818,-1.1933778626398328
839,John Brown,57,Marketing,108021,1.1237361008847293,1.3706639615160534
331,Diana Williams,61,IT,78895,1.4458773624857029,0.2345311468996666
565,George Rodriguez,26,Sales,67643,-1.3728586765228157,-0.2043813858910903
126,Alice Jones,30,IT,67650,-1.0507174149218421,-0.2041083333022585
12,Ethan Davis,45,Sales,36570,0.15731231608180873,-1.416461827715405
113,Bob Smith,48,Marketing,88348,0.3989182622825389,0.6032691643606535
124,Alice Martinez,60,Marketing,75379,1.3653420470854596,0.09738073228072763
464,Diana Johnson,24,Operations,72080,-1.5339293073233025,-0.031305052084425855
500,Alice Rodriguez,57,IT,87906,1.1237361008847293,0.5860278437515605
210,Jane Garcia,37,Marketing,95108,-0.4869702071201384,0.866959950146782
179,Ethan Brown,62,Marketing,85826,1.5264126778859464,0.5048922173558287
595,Hannah Williams,22,Sales,57044,-1.6949999381237892,-0.6178220128951103
784,Hannah Jones,33,Marketing,89063,-0.809111468721112,0.6311595359341864
626,,37,IT,106865,-0.4869702071201384,1.3255712768461179
451,Ethan Williams,23,IT,60620,-1.6144646227235457,-0.4783311475147559
375,Ethan Jones,36,Sales,72913,-0.5675055225203818,0.0011882059865571258
950,Bob Brown,26,Operations,61852,-1.3728586765228157,-0.4302738918803609
519,Hannah Rodriguez,34,Operations,72600,-0.7285761533208686,-0.011021145485492902
887,Jane Brown,26,Finance,53648,-1.3728586765228157,-0.7502915259912185
939,John Miller,43,Finance,97843,-0.0037583147186780403,0.9736454973546312
376,Diana Johnson,64,HR,85677,1.6874833086864331,0.4990800979649806
514,Alice Brown,51,Finance,82161,0.6405242084832691,0.36192968334604164
151,John Davis,27,Operations,119022,-1.2923233611225722,1.7997856086215562
428,Hannah Smith,47,Sales,86532,0.3183829468822955,0.5324315213151493
858,Charlie Martinez,25,Operations,89634,-1.453393991923059,0.6534328256803223
95,Jane Jones,54,Finance,61348,0.8821301546839992,-0.4499336782762498
660,Hannah Davis,54,Marketing,91627,0.8821301546839992,0.731174798472002
89,George Rodriguez,45,Finance,90233,0.15731231608180873,0.6767983257817854
458,Charlie Johnson,56,HR,33191,1.043200785484486,-1.548268213095779
555,Diana Smith,31,HR,44291,-0.9701820995215987,-1.1152848222339409
592,Jane Garcia,29,Marketing,59739,-1.1312527303220854,-0.5126967661948711
716,Diana Smith,36,Finance,60447,-0.5675055225203818,-0.48507944721017016
659,Ethan Johnson,26,Sales,94429,-1.3728586765228157,0.8404738490300984
483,Alice Johnson,47,IT,100476,0.3183829468822955,1.0763522782680743
832,Hannah Williams,41,IT,76760,-0.16482894551916483,0.15125010730597072
240,John Davis,56,Operations,66378,1.043200785484486,-0.2537258894442637
525,Alice Garcia,33,Sales,87713,-0.809111468721112,0.5784993938023412
390,Ethan Davis,63,HR,53291,1.6069479932861896,-0.7642172080216398
336,John Brown,23,HR,59984,-1.6144646227235457,-0.5031399255857586
1381,Diana Martinez,60,Operations,89474,1.3653420470854596,0.6471916236498815
453,Hannah Davis,53,Sales,85316,0.8015948392837559,0.4849983858837983
193,Alice Brown,22,IT,110532,-1.6949999381237892,1.4686118258812855
339,Ethan Smith,23,Finance,61552,-1.6144646227235457,-0.44197614568743765
168,Diana Davis,29,IT,64068,-1.1312527303220854,-0.34383324375875435
315,Fiona Jones,58,Finance,75033,1.2042714162849728,0.08388413288989917
728,Hannah Martinez,51,Sales,65525,0.6405242084832691,-0.2869992977690518
759,Bob Miller,32,HR,37710,-0.8896467841213553,-1.3719932632485135
701,Jane Smith,55,Sales,31651,0.9626654700842426,-1.6083397826387726
674,Ethan Rodriguez,56,IT,41005,1.043200785484486,-1.243463508934121
270,John Davis,50,Finance,111437,0.5599888930830257,1.5039136248659668
801,George Garcia,36,HR,32539,-0.5675055225203818,-1.5737011113698256
1462,Hannah Martinez,58,IT,33631,1.2042714162849728,-1.5311049075120664
78,Charlie Brown,46,IT,57723,0.23784763148205212,-0.5913359117784266
488,Bob Jones,32,Sales,58082,-0.8896467841213553,-0.5773322147226249
419,George Rodriguez,43,Marketing,119818,-0.0037583147186780403,1.8308355887229997
43,Alice Miller,30,Marketing,60659,-1.0507174149218421,-0.476809854519836
851,Fiona Miller,27,Sales,104071,-1.2923233611225722,1.2165842863895435
369,Charlie Miller,43,HR,116269,-0.0037583147186780403,1.6923979261852824
452,George Davis,49,Finance,49877,0.4794535776827823,-0.8973888563461727
128,John Brown,36,Sales,76413,-0.5675055225203818,0.137714500402452
544,Alice Garcia,35,IT,56806,-0.6480408379206252,-0.6271058009153911
100,Hannah Garcia,49,Finance,51636,0.4794535776827823,-0.8287746415240129
898,Jane Smith,35,HR,62658,-0.6480408379206252,-0.3988338366520149
474,Bob Garcia,23,Sales,103616,-1.6144646227235457,1.1988358681154772
849,Hannah Miller,47,Sales,42924,0.3183829468822955,-1.1686080920815205
65,Jane Rodriguez,57,Sales,59165,1.1237361008847293,-0.535087078479078
192,Ethan Davis,54,HR,47014,0.8821301546839992,-1.0090673651783748
183,Fiona Jones,24,Operations,66041,-1.5339293073233025,-0.2668714212208799
109,George Jones,58,Sales,111709,1.2042714162849728,1.5145236683177163
175,Jane Martinez,36,Sales,105388,-0.5675055225203818,1.2679571806026102
76,Charlie Jones,45,IT,33726,0.15731231608180873,-1.5273991938064921
561,Hannah Davis,63,Sales,107794,1.6069479932861896,1.3618092561353654
575,George Rodriguez,46,IT,44571,0.23784763148205212,-1.1043627186806693
337,Diana Brown,48,IT,103822,0.3989182622825389,1.2068714157296698
973,Alice Johnson,23,IT,30645,-1.6144646227235457,-1.64758134040517
245,,22,HR,103794,-1.6949999381237892,1.2057792053743428
308,John Miller,38,Operations,91929,-0.406434891719895,0.7429550673044591
340,George Davis,47,HR,61055,0.3183829468822955,-0.4613628794944947
262,George Miller,57,IT,30207,1.1237361008847293,-1.6646666309635019
582,Ethan Brown,48,IT,78908,0.3989182622825389,0.23503824456463993
141,George Miller,64,HR,74976,1.6874833086864331,0.08166070466655459
73,Jane Jones,42,Operations,33712,-0.08429363011892142,-1.5279452989841558
477,John Johnson,38,Operations,86492,-0.406434891719895,0.530871220807539
990,John Johnson,57,IT,66116,1.1237361008847293,-0.2639458577691107
763,Charlie Miller,61,Sales,75603,1.4458773624857029,0.1061184151233449
418,Jane Johnson,58,HR,93037,1.2042714162849728,0.7861753913652624
593,Jane Rodriguez,62,Sales,87804,1.5264126778859464,0.5820490774571544
313,Bob Jones,56,Marketing,106957,1.043200785484486,1.3291599680136215
638,Bob Smith,49,Marketing,49873,0.4794535776827823,-0.8975448863969337
988,Bob Johnson,60,HR,89165,1.3653420470854596,0.6351383022285925
167,George Brown,27,Sales,53669,-1.2923233611225722,-0.7494723682247232
378,Jane Jones,54,IT,76332,0.8821301546839992,0.13455489187454128
407,Fiona Garcia,61,HR,81196,1.4458773624857029,0.32428743359994494
1,Diana Miller,60,Sales,55611,1.3653420470854596,-0.6737197785802467
198,Alice Garcia,27,Marketing,46014,-1.2923233611225722,-1.0480748778686304
891,Charlie Rodriguez,40,Sales,51253,-0.24536426091940822,-0.8437145188843809
423,Charlie Jones,26,HR,54022,-1.3728586765228157,-0.7357027162450629
96,Ethan Johnson,26,IT,94732,-1.3728586765228157,0.8522931253752458
783,Alice Miller,62,HR,35347,1.5264126778859464,-1.4641680157355876
104,Fiona Williams,33,Marketing,57598,-0.809111468721112,-0.5962118508647086
194,John Garcia,40,Sales,79104,-0.24536426091940822,0.24268371705193004
88,Jane Miller,29,HR,106743,-1.1312527303220854,1.3208123602979067
895,Fiona Smith,33,HR,118664,-0.809111468721112,1.7858209190784446
489,,50,Operations,119570,0.5599888930830257,1.8211617255758163
81,Fiona Williams,36,IT,65643,-0.5675055225203818,-0.28239641127160164
804,Hannah Garcia,47,HR,50644,0.3183829468822955,-0.8674700941127466
563,Fiona Davis,48,IT,78758,0.3989182622825389,0.22918711766110156
729,Alice Miller,36,Marketing,83072,-0.5675055225203818,0.3974655274068646
191,Hannah Martinez,53,HR,47633,0.8015948392837559,-0.9849217148231064
833,Diana Miller,46,Marketing,85718,0.23784763148205212,0.500679405985281
935,Fiona Miller,56,IT,95031,1.043200785484486,0.8639563716696322
102,Ethan Rodriguez,30,Operations,83551,-1.0507174149218421,0.41615012598549705
955,Ethan Martinez,46,Operations,63691,0.23784763148205212,-0.35853907604298074
635,George Smith,47,Marketing,56832,0.3183829468822955,-0.6260916055854444
153,Charlie Davis,49,Finance,78368,0.4794535776827823,0.21397418771190185
111,George Garcia,61,Operations,56987,1.4458773624857029,-0.6200454411184548
436,George Davis,44,IT,100331,0.07677700068156534,1.0706961889279873
560,Charlie Rodriguez,61,Marketing,91332,1.4458773624857029,0.7196675822283765
1097,Alice Johnson,63,Finance,31177,1.6069479932861896,-1.6268293436539538
785,Diana Garcia,47,IT,32643,0.3183829468822955,-1.5696443300500391
505,George Brown,44,Sales,77241,0.07677700068156534,0.1700127209099837
726,Ethan Williams,55,Marketing,84220,0.9626654700842426,0.4422461519752781
10,John Smith,32,Marketing,86503,-0.8896467841213553,0.5313003034471317
480,Charlie Smith,50,Operations,93936,0.5599888930830257,0.8212431452738023
651,Bob Smith,56,HR,96549,1.043200785484486,0.9231697759334403
521,John Rodriguez,57,Finance,108040,1.1237361008847293,1.3714051042571684
993,Fiona Rodriguez,54,Sales,89042,0.8821301546839992,0.630340378167691
767,John Johnson,53,Operations,104603,0.8015948392837559,1.2373362831407595
162,John Jones,48,HR,43673,0.3989182622825389,-1.139391465076519
443,Fiona Brown,40,IT,55121,-0.24536426091940822,-0.6928334597984719
32,Fiona Smith,36,Operations,118009,-0.5675055225203818,1.7602709982663272
202,Charlie Rodriguez,38,HR,87993,-0.406434891719895,0.5894214973556128
799,Charlie Garcia,29,HR,80601,-1.1312527303220854,0.30107796354924277
571,Diana Williams,22,HR,109751,-1.6949999381237892,1.4381469584701958
272,John Miller,39,Operations,85922,-0.3258995763196516,0.5086369385740932
753,Diana Johnson,64,Finance,72821,1.6874833086864331,-0.0024004851809463967
1197,John Rodriguez,53,Finance,98388,0.8015948392837559,0.9949045917708206
310,Fiona Garcia,51,Sales,55169,0.6405242084832691,-0.6909610991893397
213,Diana Smith,27,Sales,61910,-1.2923233611225722,-0.4280114561443261
22,Fiona Brown,23,Marketing,73753,-1.6144646227235457,0.0339545166463719
504,George Rodriguez,45,Sales,35439,0.15731231608180873,-1.4605793245680843
528,Ethan Davis,49,Marketing,115667,0.4794535776827823,1.6689154035457485
551,Hannah Garcia,32,Operations,79145,-0.8896467841213553,0.24428302507223051
740,Bob Brown,50,Operations,52436,0.5599888930830257,-0.7975686313718084
886,Hannah Martinez,47,IT,72951,0.3183829468822955,0.0026704914687868415
47,Fiona Rodriguez,49,Marketing,49508,0.4794535776827823,-0.911782628528877
379,Hannah Davis,29,HR,55032,-1.1312527303220854,-0.6963051284279047
496,John Brown,30,HR,78355,-1.0507174149218421,0.21346709004692854
382,Hannah Garcia,25,HR,74936,-1.453393991923059,0.08010040415894436
185,Jane Davis,38,Marketing,95681,-0.406434891719895,0.8893112549182984
206,Charlie Miller,55,Finance,37421,0.9626654700842426,-1.3832664344159975
1770,John Martinez,50,Operations,104971,0.5599888930830257,1.2516910478107737
411,Alice Davis,26,Sales,61174,-1.3728586765228157,-0.4567209854843543
1242,Fiona Jones,37,Finance,44484,-0.4869702071201384,-1.1077563722847215
537,Hannah Davis,42,Sales,90703,-0.08429363011892142,0.6951318567462057
869,Hannah Davis,57,Operations,60933,1.1237361008847293,-0.4661217960427059
702,Hannah Davis,49,Finance,80288,0.4794535776827823,0.2888686120771928
542,Ethan Johnson,63,Marketing,88279,1.6069479932861896,0.6005776459850258
306,Alice Miller,25,Operations,100971,-1.453393991923059,1.095660997049751
826,Ethan Johnson,60,Marketing,92032,1.3653420470854596,0.7469728411115555
343,Ethan Garcia,54,Marketing,44716,0.8821301546839992,-1.0987066293405823
909,Jane Garcia,26,IT,37239,-1.3728586765228157,-1.390365801725624
169,Bob Martinez,48,IT,118789,0.3989182622825389,1.7906968581647267
751,John Davis,23,Sales,98920,-1.6144646227235457,1.0156565885220366
420,Fiona Davis,50,Operations,36548,0.5599888930830257,-1.4173199929945905
511,John Jones,46,HR,47630,0.23784763148205212,-0.9850387373611772
38,Fiona Davis,60,Sales,95838,1.3653420470854596,0.8954354344106685
844,Diana Rodriguez,40,Finance,44357,-0.24536426091940822,-1.112710326396384
964,Charlie Miller,53,Operations,85426,0.8015948392837559,0.48928921227972644
815,Fiona Miller,64,IT,111912,1.6874833086864331,1.5224421933938383
342,Bob Martinez,61,Marketing,103965,1.4458773624857029,1.2124494900443765
691,Charlie Davis,38,Marketing,43428,-0.406434891719895,-1.1489483056856316
384,Alice Davis,53,Sales,91588,0.8015948392837559,0.729653505477082
515,Ethan Johnson,38,HR,107360,-0.406434891719895,1.3448799956277946
212,Alice Miller,30,Sales,118700,-1.0507174149218421,1.787225189535294
317,Fiona Garcia,50,Marketing,103165,0.5599888930830257,1.1812434798921718
85,John Smith,30,Finance,52443,-1.0507174149218421,-0.7972955787829766
934,Jane Martinez,33,Finance,119087,-0.809111468721112,1.8023210969464227
1244,Bob Martinez,23,Marketing,64503,-1.6144646227235457,-0.32686497573849316
391,Ethan Smith,51,Operations,71568,0.6405242084832691,-0.05127689858183676
680,Hannah Jones,26,Finance,58731,-1.3728586765228157,-0.5520163389866489
650,Charlie Miller,34,HR,48313,-0.7285761533208686,-0.9583966061937326
1986,Alice Smith,54,Sales,30587,0.8821301546839992,-1.6498437761412048
357,George Garcia,22,HR,37967,-1.6949999381237892,-1.361968332487118
326,Jane Miller,39,HR,86154,-0.3258995763196516,0.5176866815182326
566,Charlie Martinez,50,Operations,80408,0.5599888930830257,0.29354951360002346
1058,Bob Garcia,63,Sales,117128,1.6069479932861896,1.725905379586212
761,Jane Jones,29,Operations,43975,-1.1312527303220854,-1.1276111962440618
509,Diana Williams,34,Finance,69279,-0.7285761533208686,-0.140565095129832
825,Charlie Rodriguez,38,Marketing,32336,-0.406434891719895,-1.5816196364459476
681,Diana Smith,52,Marketing,98926,0.7210595238835125,1.015890633598178
830,George Garcia,38,HR,53481,-0.406434891719895,-0.7568057806104912
1000,George Johnson,31,Operations,63866,-0.9701820995215987,-0.351712761322186
254,Charlie Davis,37,Sales,74843,-0.4869702071201384,0.07647270547875058
863,Jane Davis,45,Marketing,42819,0.15731231608180873,-1.1727038809139974
581,Alice Jones,60,Finance,53387,1.3653420470854596,-0.7604724868033753
877,John Brown,25,Marketing,57624,-1.453393991923059,-0.5951976555347619
279,Jane Brown,25,HR,43395,-1.453393991923059,-1.15023555360441
1180,Jane Brown,33,HR,66451,-0.809111468721112,-0.2508783410178751
248,George Martinez,58,Sales,35249,1.2042714162849728,-1.4679907519792328
181,Ethan Johnson,60,Finance,37227,1.3653420470854596,-1.390833891877907
471,,34,HR,81399,-0.7285761533208686,0.33220595867606684
433,Hannah Rodriguez,54,Marketing,30163,0.8821301546839992,-1.666382961521873
953,John Garcia,47,HR,86481,0.3183829468822955,0.5304421381679462
290,George Garcia,43,Operations,118177,-0.0037583147186780403,1.7668242603982902
835,Bob Johnson,31,Operations,75232,-0.9701820995215987,0.09164662791526004
4,George Smith,64,IT,31239,1.6874833086864331,-1.624410877867158
1502,Alice Rodriguez,60,Finance,59956,1.3653420470854596,-0.5042321359410857
1725,Fiona Johnson,59,HR,76850,1.284806731685216,0.15476078344809374
536,Jane Johnson,46,Marketing,39503,0.23784763148205212,-1.302052792994885
989,Fiona Jones,48,Sales,99615,0.3989182622825389,1.0427668098417642
994,John Martinez,58,Sales,48099,1.2042714162849728,-0.9667442139094473
164,George Martinez,62,IT,118204,1.5264126778859464,1.767877463240927
189,Ethan Garcia,44,Sales,94174,0.07677700068156534,0.8305269332940831
959,John Davis,61,Marketing,38438,1.4458773624857029,-1.3435957940100074
40,Bob Jones,25,HR,72823,-1.453393991923059,-0.0023224701555658854
283,Ethan Davis,41,Sales,106559,-0.16482894551916483,1.3136349779628997
280,,54,Sales,115957,0.8821301546839992,1.6802275822259225
367,Bob Johnson,53,Operations,48268,0.8015948392837559,-0.9601519442647941
707,Bob Martinez,55,Operations,46184,0.9626654700842426,-1.0414436007112868
897,John Williams,47,Operations,109025,0.3183829468822955,1.4098275042570703
421,John Johnson,35,HR,103294,-0.6480408379206252,1.186275449029215
995,Diana Williams,48,Finance,75096,0.3989182622825389,0.08634160618938527
271,John Johnson,39,IT,102982,-0.3258995763196516,1.1741051050698552
890,Alice Miller,25,HR,48658,-1.453393991923059,-0.9449390143155944
836,Ethan Smith,24,Finance,116544,-1.5339293073233025,1.7031249921751026
475,George Jones,56,Finance,37099,1.043200785484486,-1.3958268535022598
924,Jane Garcia,45,Operations,67711,0.15731231608180873,-0.20172887502815293
615,Fiona Williams,35,IT,112368,-0.6480408379206252,1.5402296191805949
112,John Garcia,43,HR,108714,-0.0037583147186780403,1.3976961678104007
553,Diana Rodriguez,33,Sales,107811,-0.809111468721112,1.3624723838510997
221,John Miller,24,Marketing,63893,-1.5339293073233025,-0.3506595584795491
628,Charlie Smith,59,Marketing,97695,1.284806731685216,0.9678723854764734
754,Ethan Garcia,64,Sales,43493,1.6874833086864331,-1.1464128173607648
84,Hannah Johnson,28,IT,38927,-1.211788045722329,-1.3245211203044724
874,John Jones,41,Sales,44939,-0.16482894551916483,-1.0900079540106553
791,John Garcia,47,Operations,47073,0.3183829468822955,-1.0067659219296496
132,Diana Miller,53,Finance,87716,0.8015948392837559,0.5786164163404119
462,Hannah Martinez,58,IT,33631,1.2042714162849728,-1.5311049075120664
405,Alice Martinez,53,Sales,87022,0.8015948392837559,0.5515452025333745
552,Charlie Smith,39,Finance,107425,-0.3258995763196516,1.347415483952661
154,Diana Williams,41,Marketing,104172,-0.16482894551916483,1.2205240451712593
327,George Brown,46,HR,50609,0.23784763148205212,-0.8688353570569055
199,Charlie Brown,53,Sales,63755,0.8015948392837559,-0.3560425952308044
700,Charlie Smith,53,IT,63937,0.8015948392837559,-0.3489432279211778
403,Diana Brown,22,HR,72468,-1.6949999381237892,-0.01617013716060665
282,Charlie Johnson,42,HR,34895,-0.08429363011892142,-1.4817994114715833
588,Alice Davis,34,HR,78689,-0.7285761533208686,0.22649559928547391
99,Ethan Johnson,62,Marketing,62779,1.5264126778859464,-0.39411392761649394
661,Alice Smith,22,Sales,63848,-1.6949999381237892,-0.3524148965506106
947,Hannah Martinez,56,HR,110685,1.043200785484486,1.4745799753228945
